I;AACDM
I;AADV1
I;AADVC
I;AADVO
I;AAFR5
I;AAFRC
I;AAFRL
I;AAFRO
I;AAIS5
I;AAISC
I;AAISO
I;AAS2C
I;AASPL
I;AASPS
I;ABA14
I;ABA15
I;ABA1L
I;ABA1S
I;ABA2C
I;ABAS1
I;ABAS4
I;ABAS5
I;ABASL
I;ABASS
I;ABCLL
I;ABCLM
I;ABCLO
I;ABKT5
I;ABKTA
I;ABKTC
I;ABKTL
I;ABKTS
I;ABUDL
I;ABUDS
I;AC2IC
I;ACH2C
I;ACHAC
I;ACHIC
I;ACHIF
I;ACLOG
I;ACNVC
I;ACVRM
I;ACVRO
I;ADBA1
I;ADBA2
I;ADEI5
I;ADEIC
I;ADEIF
I;ADEIO
I;ADET1
I;ADET4
I;ADET5
I;ADETL
I;ADETS
I;ADLG1
I;ADLG4
I;ADLG5
I;ADLGL
I;ADLGS
I;ADSN4
I;ADSNL
I;ADSNS
I;AEDIC
I;AEGAC
I;AEV1C
I;AEVT5
I;AEVTO
I;AEXR5
I;AEXRL
I;AEXRS
I;AFOLC
I;AFOLO
I;AGEX4
I;AGEXL
I;AGEXS
I;AHLB4
I;AHLBO
I;AHLP1
I;AHLP2
I;AHVB4
I;AHVB5
I;AHVB6
I;AHVBO
G;AI-005FIL-ABASLIN
I;AIBRL
I;AIBRM
I;AIBRO
I;AINI5
I;AINIC
I;AINIF
I;AINIO
I;AINT1
I;AINT5
I;AINTL
I;AINTS
I;AISTO
I;AJST1
I;AJST5
I;AJST6
I;AJST7
I;AJSTC
I;AJSTL
I;AJSTO
R;AKHDCNDO
R;ALACCJUS1
R;ALACCJUS6
R;ALACCJUS8
R;ALACCJUS9
R;ALACCLST
R;ALACPINT
R;ALADBAL
R;ALADLGS
R;ALAFRAUT
R;ALAIBRTAB
R;ALANTUS
R;ALARETAUT
R;ALAUBKEBKT
R;ALAUBKETAB
R;ALAUBKETRC
R;ALAUBKETRT
R;ALAUDINVCE
R;ALBA1AUT
R;ALBA1S
R;ALBASS
R;ALBDP001
R;ALBILHOF
R;ALBMBHOF
R;ALBOE052
R;ALBSH187
R;ALBSH188
R;ALBSH500
R;ALBSH600
R;ALBSHHOF
R;ALBSHXLS
R;ALCAUSSTQ
R;ALCBI001
R;ALCHARGES
R;ALCHKDEC
R;ALCNVCLSAC
R;ALCONDCUST
R;ALCPLBAL
R;ALCRYMONIT
R;ALCUSBAL
R;ALCUSTMIL
R;ALDETAUT
R;ALDETBSC
R;ALDETBSH
R;ALDETHOF
R;ALDETPOL
R;ALDLAVGBAL
R;ALDLBSHRCN
R;ALDLCBITAC
R;ALDLCBITCS
R;ALDLCBITLC
R;ALDLCBITMV
R;ALDLCBRCTP
R;ALDLCBRPT
R;ALDLCTPSIS
R;ALDLCUSBAL
R;ALDLL372NY
R;ALDLLABA1S
R;ALDLLACCR
R;ALDLLADETS
R;ALDLLATLAS
R;ALDLLAWV
R;ALDLLBALBV
R;ALDLLBOS
R;ALDLLCBRAT
R;ALDLLCBRGE
R;ALDLLCCRCN
R;ALDLLCPCA
R;ALDLLCRSGE
R;ALDLLCUSAC
R;ALDLLCUST
R;ALDLLDIBA
R;ALDLLELSAG
R;ALDLLGFRS
R;ALDLLGRP1
R;ALDLLGRP2
R;ALDLLGXINV
R;ALDLLINT
R;ALDLLINT2
R;ALDLLKPMG
R;ALDLLLCBNS
R;ALDLLMVT
R;ALDLLOFA
R;ALDLLTOTB
R;ALDLLWBF
R;ALDLLXNPVB
R;ALDLREPFFT
R;ALDLREPLOA
R;ALDLREPRSK
R;ALDLREPSUB
R;ALDLSUMVT
R;ALDRMACC
R;ALESPBSH
R;ALEXCRAT01
R;ALEXCRAT02
R;ALFCM130
R;ALFOLCHK
R;ALFOLDIR
R;ALFXDYMVT
R;ALGENINTCD
I;ALGR4
I;ALGRL
I;ALGRS
R;ALHKM001
R;ALHKM002
R;ALHKME01
R;ALHKMF01
R;ALHKMI01
R;ALHKMJ01
R;ALHKMK01
R;ALHKML01
R;ALHKMM01
R;ALHKMS01
R;ALHKMX01
R;ALINTBAL
R;ALINTINT
R;ALINTREP
R;ALINTRES
R;ALJSTCON
R;ALKOLCONF
R;ALLACBNK
R;ALLBRAUT
R;ALLSTADETS
R;ALLZB001
R;ALMARCOV
R;ALMRGGAL
R;ALMVTFUT
R;ALMVTREP1
R;ALMVTREP2
R;ALMVTREP3
R;ALMVTREP4
R;ALMVTREPI
R;ALMVTREPIT
I;ALNDM
R;ALNOSFXPOS
R;ALOVDETS
R;ALPORBSH
R;ALRBRCHK
R;ALRBRO
R;ALRESHIS
R;ALRGRPOS
R;ALRGRPOS2
R;ALRGRPOS3
R;ALROOTBKT
R;ALRTBKELIS
R;ALSDTAXAUT
R;ALSIHINT
R;ALSPCDTAUT
R;ALTABABSL
R;ALTAXHST
R;ALTAXKOL
R;ALTLLCNV
R;ALUIC001
R;ALUNUSEDRL
R;ALVERPL
I;AMDC4
I;AMDC5
I;AMDCC
I;AMDCF
I;AMDCG
I;AMDCH
I;AMDCM
I;AMDCO
I;AMVT1
I;AMVT5
I;AMVT6
I;AMVT7
I;AMVT8
I;AMVT9
I;AMVTC
I;AMVTM
I;AMVTO
I;ANCPM
I;ANEUL
I;ANEUM
I;ANEUO
I;ANOS1
I;ANOSC
I;ANTU4
I;ANTUL
I;ANTUS
G;AP-001ROOT-CHECK
G;AP-003ABA1-EXIST
G;AP-004FOLBALCHK
G;AP-006MOD-CACCCAT
G;AP-007THEOR-CLDAY
G;AP-008TRL-CACCCAT
G;AP-009CHECK-INVEN
G;AP-010OFLREP
R;APAGEXS
I;APBO5
I;APBOM
I;APPNL
I;APPNM
I;APPNO
I;ARBR1
I;ARBRL
I;ARBRM
I;ARBRO
I;ARCDL
I;ARCDM
I;ARCDO
I;AREI5
I;AREIC
I;AREIF
I;AREIO
I;ARES1
I;ARES4
I;ARESL
I;ARESS
I;ARETC
I;ARETL
I;ARETO
I;AROTL
I;AROTM
I;AROTO
I;ARPP4
I;ARPPM
I;ARPPO
I;ASEL5
I;ASELL
I;ASELM
I;ASELO
I;ASPAL
I;ASPAM
I;ASPAS
I;ASPI5
I;ASPIF
I;ASPIM
I;ASPIO
I;ASTDM
I;ASTDO
I;ASTM4
I;ASTMO
I;ASTMS
I;ATAD5
I;ATADL
I;ATADM
I;ATADO
I;ATAH5
I;ATAHL
I;ATAHS
I;ATAX5
I;ATAXL
I;ATAXM
I;ATAXO
I;ATDC4
I;ATDCL
I;ATDCS
I;ATEC1
I;ATECC
I;ATLLM
I;ATMPO
I;ATRC5
I;ATRCA
I;ATRCL
I;ATRCS
I;ATRDO
I;ATRT5
I;ATRTL
I;ATRTS
I;ATXC5
I;ATXCL
I;ATXCM
I;ATXCO
R;AUACRRPR
R;AUACRRPR01
R;AUACRRPR02
R;AUATRCSDUP
R;AUATRDODEL
R;AUAUDINVCE
R;AUBA1DEL
R;AUBASS
R;AUBATDTE
R;AUBKEAIS
R;AUBKEFOLRT
R;AUBKEGEN
R;AUBKEGENRT
R;AUBKEGENRV
R;AUBKELIS
R;AUCHACAL
R;AUCHASTD
R;AUCHKCAT
R;AUCLNADETS
R;AUCLNHVB
R;AUCLSACC
R;AUCLSACC1
R;AUCLSNOS
R;AUCNVACC
R;AUCNVACCR
R;AUCNVADETS
R;AUCNVLCCYS
R;AUCNVLOC
R;AUCOVCAL
R;AUCRADV
R;AUCROSSEXR
R;AUCTPSHN
R;AUCTPSHN2
R;AUDACBAL
R;AUDELGRID
R;AUDELICIY
R;AUDLLTAT
R;AUDRMACC
R;AUDTEASP
R;AUEOYPOSE
R;AUEURACC
R;AUEURPOL0
R;AUEURPOL1
R;AUEURPOL2
R;AUEURPOL3
R;AUEXRASP
R;AUEXRDEV
R;AUFCMJAN
R;AUFOLSET0
R;AUGXACC
R;AUGXACR
R;AUGXBUD
R;AUGXPRE
R;AUHKGINBRA
R;AUHOLUPD
R;AUINTCAL
R;AUINTCFD
R;AULDACGTAB
R;AULDBIL
R;AULDGMEXR
R;AULDGMINT
R;AULDNCPINT
R;AULOADEXR
R;AULOADFOL
R;AULOADMDC
R;AULOCDET
R;AULOCDUP
R;AULOCRES
R;AUMDCCOP
R;AUMDCDUP
R;AUMDCFUP
R;AUMDCREP
R;AUMVTCLN
R;AUNEWEMU
R;AUNTUDEL
R;AUOFBALMVT
R;AUOLDBVA
R;AUPDGMEXR
R;AUPDGMINT
R;AUPLINIT
R;AUPRRTAUEN
R;AUPURACPI
R;AURGRPOS
R;AURGRPOS2
R;AURGRPOS4
R;AURNDDET
R;AURVMVT
R;AUSAVTAB
R;AUSHFBAL
R;AUSPADEL
R;AUSTM942RT
R;AUSTMCCR
R;AUSTMKOC
R;AUSTMLOJ
R;AUSTMPR2
R;AUSTMPRC
R;AUSTMTLL
R;AUTKACGTAB
R;AUTLLWP
R;AUXNPINT
I;BABSM
R;BASEFR150
R;BASEFR175
R;BASEFR200
R;BASEFR220
R;BASEFRAMES
I;BASW5
I;BASWA
I;BASWO
I;BATCH
I;BBOK5
I;BBOKS
I;BDAUT
I;BDL2C
I;BDLA5
I;BDLAO
I;BDLAX
I;BDLE5
I;BDLG5
I;BDLGA
I;BDLGL
I;BDLGO
R;BDLGRDO
I;BDLGX
I;BDLPM
I;BDLPO
I;BDLT5
I;BDLTM
I;BDLTO
I;BDLTX
I;BDLVM
R;BEGBATCH
I;BEUR2
I;BEURM
I;BIAUT
I;BICTM
I;BICTO
I;BICTX
G;BI-GET-IRCE
I;BIS2C
I;BISPA
I;BISPM
I;BISPO
I;BISPX
I;BISS5
I;BISSA
I;BISSO
I;BISSX
I;BITTO
R;BLACJUSPOR
R;BLASWSUM
R;BLBDLINV
R;BLBDLPOR
R;BLBISINV
R;BLBNDDL
R;BLDEATCK
R;BLDLL
R;BLDLYFWD
R;BLDLYINVPL
R;BLDLYPOS
R;BLDLYTRDPL
R;BLGFIDL
R;BLMBSLST
R;BLPARSEC
R;BLPBDEAL
R;BLPORRTI
R;BLUSADL
R;BLWARBO
G;BP-001DET-MYINF
G;BP-001SAMOPN
G;BP-002SAMCLS
G;BP-010MUSOPN
G;BP-011MUSCLS
G;BP-012MUSERR
G;BP-013MUSSND
G;BP-014MUSRQS
G;BP-015MUSRSP
G;BP-016MUSPAS
G;BP-017MUSGETMSG
G;BP-018MUSGETRSP
G;BP-019MUSGETANY
G;BP-020SAGOPN
G;BP-021SAGCLS
G;BP-022SAGERR
G;BP-023SAGBEGSSN
G;BP-024SAGCPYMSG
G;BP-025SAGCREMSG
G;BP-026SAGDSCMSG
G;BP-027SAGENDMSG
G;BP-028SAGENDSSN
G;BP-029SAGGETNXT
G;BP-030SAGMSGGRN
G;BP-031SAGPGEQUE
G;BP-032SAGREADAT
G;BP-033SAGREARCD
G;BP-034SAGSHWINP
G;BP-035SAGWAIINP
G;BP-036SAGWRTRCD
G;BP-040ESYOPN
G;BP-041ESYCLS
G;BP-042ESYERR
G;BP-043SNDQST
G;BP-044GETQST
G;BP-045SNDRSP
G;BP-046GETRSP
I;BPOR5
I;BPOR6
I;BPORM
I;BPORS
I;BPOT5
I;BPOTO
I;BPRD5
I;BPRDA
I;BPRDO
I;BPRDX
I;BREDA
I;BREDM
I;BREDO
I;BREDX
I;BREP1
I;BREPM
I;BREPO
I;BRPIO
I;BSPIM
I;BSPIO
I;BSWC5
I;BSWCM
I;BSWS5
R;BUCHGISIN
R;BUDELCON
R;BUDELLIQ
R;BUDLYABS
R;BUDLYCLU
R;BUDLYMBS
R;BUDLYMBSYD
R;BUEURACC
R;BUEURCNV
R;BUEURLIQ
R;BUEURREC
R;BUINTACC2
R;BUINTACCR
R;BUMBSPOOL
R;BUMKSWBAT
R;BUMKSWIFT
R;BUMLYACRBO
R;BUMLYMBS
R;BUMLYTRD
R;BUMRGISS
R;BUPOOLFAC
R;BUPRCLOAD
R;BUUPDBDLTO
R;BUUPDBNDSN
I;CBFM5
I;CBFMO
I;CC3PL
I;CC3PM
I;CC3PO
I;CCBRO
I;CCDI5
I;CCDIL
I;CCDIS
I;CCFPO
I;CCGR5
I;CCGRL
I;CCGRS
I;CCMCC
I;CCME5
I;CCMH1
I;CCMH4
I;CCMH5
I;CCMHA
I;CCMHC
I;CCMHL
I;CCMHO
I;CCMIC
I;CCOCL
I;CCOCM
I;CCOCO
I;CCOM5
I;CCOML
I;CCOMS
I;CCORL
I;CCORM
I;CCORO
I;CCPIA
I;CCPOA
I;CCRE1
I;CCRE5
I;CCREO
I;CCRXO
I;CCTPC
I;CCUSC
I;CCUSO
I;CDFAO
I;CDIAL
I;CDIAO
I;CEXP5
I;CEXPS
I;CEXRM
I;CEXRO
I;CEXSM
I;CEXSO
I;CFA1M
I;CFA2C
I;CFA2M
I;CFAC1
I;CFAC2
I;CFAC5
I;CFAC6
I;CFACC
I;CFACL
I;CFACO
I;CFACS
I;CFAI5
I;CFAIA
I;CFAIO
I;CFARM
I;CFAT1
I;CFAT5
I;CFATO
I;CFCRO
I;CFDD5
I;CFDDC
I;CFDDL
I;CFDDO
I;CFFEM
I;CFFEO
I;CFIIA
I;CFIIC
I;CFINA
I;CFNI1
I;CFNIA
I;CFNIC
I;CFNO1
I;CFNOA
I;CFNOC
I;CFOIA
I;CFOIC
I;CFRS1
I;CFRSL
I;CFRSM
I;CFRSO
I;CFUPM
I;CFUPO
I;CFUS5
I;CFUSM
I;CFUSO
I;CFXRM
I;CFXRO
I;CGAT1
I;CGAT5
I;CGATO
I;CGUA2
I;CGUA5
I;CGUAL
I;CGUAS
I;CGUCL
I;CGUCM
I;CGUCO
I;CGURL
I;CGURM
I;CGURO
I;CHFCM
I;CHFCO
G;CI-001-CALC-ENDAT
G;CI-001-CALC-STDAT
G;CI-001-ICALC-ENDT
G;CI-001-ICALC-STDT
G;CI-003-FILL-RCPV6
G;CI-011-FILL-RCON6
G;CI-012-FILL-RCON6
G;CI-013-GET-RISK
G;CI-014-CFACS-CHK
G;CI-ADD-CPTIO
G;CI-CAL-AMOUNT
G;CI-DUP-REM-INT
G;CI-EST-AMOUNT
G;CI-FILL-CMTIM
G;CI-FILL-CMTLM
G;CI-FIN-PAYM-CHECK
G;CI-INC-PAYM-CHECK
G;CI-INC-PAYM-GROUP
G;CI-INC-PAYM-INQ
G;CI-INC-PAYM-INST1
G;CI-INC-PAYM-INSTR
G;CI-INTR-DUPREMINT
G;CI-LOG-CCMHO
G;CI-LOG-CMTLO
G;CI-LOG-CPTIO
I;CINI1
I;CINIA
I;CINIC
I;CINO1
I;CINOA
I;CINOC
G;CI-OUT-IPAYM-INST
G;CI-OUT-PAYM-CHECK
G;CI-OUT-PAYM-GROUP
G;CI-OUT-PAYM-INQ
G;CI-OUT-PAYM-INST1
G;CI-OUT-PAYM-INSTR
G;CI-STATUS-CMTLO
G;CI-TABLE-SELECT
I;CITIA
I;CITIC
G;CI-UPD-CPTIO
R;CLAUDCNF
R;CLBANKLIM1
R;CLBANKLND1
R;CLBANKLOA1
R;CLBCKWG18
R;CLBGECOMM
R;CLBNKEXP
R;CLCALLDEP
R;CLCASHINT
R;CLCBNREL
R;CLCCRYOUT
R;CLCHECKFAC
R;CLCHKCGURO
R;CLCMCONAL
R;CLCMLOALST
R;CLCMOUTIN2
R;CLCMOUTINT
R;CLCOMCHGE
R;CLCOMDCT
R;CLCOMDCTG
R;CLCOMINT
R;CLCOMMLIST
R;CLCOMMLST
R;CLCOMNEW
R;CLCOMOUT
R;CLCOMTOPAY
R;CLCOMUNPAI
R;CLCOMWAR
R;CLCONSELCM
R;CLCPACC
R;CLCPACCT
R;CLCPACIRC
R;CLCPACRS
R;CLCPBND
R;CLCPBNDC
R;CLCPBNDL
R;CLCPBRCH
R;CLCPBROK
R;CLCPBVAL
R;CLCPCBN
R;CLCPCHA
R;CLCPCHQE
R;CLCPCO
R;CLCPCTP
R;CLCPCTP2
R;CLCPCTRY
R;CLCPCURR
R;CLCPEO
R;CLCPEXC
R;CLCPFAC
R;CLCPFAM
R;CLCPFRA
R;CLCPFX
R;CLCPGUA
R;CLCPIRS
R;CLCPLD
R;CLCPLDCM
R;CLCPPFTC
R;CLCPPMNT
R;CLCPPMT2
R;CLCPPMTC
R;CLCPPRD
R;CLCPPRNL
R;CLCPRATE
R;CLCPRES
R;CLCPSEC
R;CLCPSHR
R;CLCPSHRLI
R;CLCPSHRM
R;CLCPSIM
R;CLCROCO
R;CLCRYCTP
R;CLCRYOUT2
R;CLCRYOUTD
R;CLCRYOUTR
R;CLCTPRISAS
R;CLCUSACCOF
R;CLCUSCOM
R;CLCUSTLIM1
R;CLCUSTLND1
R;CLCUSTLOA1
R;CLCUSTLOA2
R;CLDLL
R;CLDLLAGZ
R;CLDLLISIMO
R;CLDLLORM
R;CLDLRAVA
R;CLDLYCALL
R;CLDLYMVT
R;CLEQOPOUT
R;CLEQOPOUT2
R;CLEXSOUTO
R;CLEXSSPOT
R;CLEXSSPOT2
R;CLFACCRCS
R;CLFACCRTRE
R;CLFACDOCIN
R;CLFACFDD
R;CLFACFIMAT
R;CLFACFLFCR
R;CLFACINT
R;CLFACINTRM
R;CLFACINVRE
R;CLFACIRFFT
R;CLFACIRV2M
R;CLFACLNREP
R;CLFACMAT2M
R;CLFACMEMRE
R;CLFACNHOAP
R;CLFACOUTRE
R;CLFACOVER
R;CLFACREPRE
R;CLFACREPWA
R;CLFACUNU
R;CLFACWAR
R;CLFAMFLFCR
R;CLFUSLST
R;CLGUACOM
R;CLGUAINTER
R;CLGUAISSRE
R;CLGUAMEMRE
R;CLGUAPMT
R;CLGUAREPRE
R;CLGUATRANS
R;CLGUAWAR
R;CLGUAXDMAT
R;CLHOLWARN
R;CLLDCMAUT
R;CLLDCMDEAL
R;CLLDMMDEAL
R;CLLISABA1S
R;CLLOAOUT
R;CLLSTWAR
R;CLMTBNKPFY
R;CLMTCUSPF2
R;CLMTCUSPFY
R;CLMTDBLDEP
R;CLMTDEALS
R;CLMTDEANEW
R;CLMTEXECUT
R;CLMTPORTFL
R;CLMTWARMAT
G;CLOSEDOWN
G;CLOSEUPDATE
R;CLOUTBLEBD
R;CLOUTDEPFA
R;CLPBAUM
R;CLPBLIST
R;CLPBPORTF
R;CLPERSONNL
R;CLPRIBASLN
R;CLPRIBASSM
R;CLPRIBNK
R;CLPRIBNK2
R;CLPRIBNK3
R;CLPRIDEALS
R;CLRCPV6
R;CLRTROUT
R;CLSECCOMP
R;CLSECFIMAT
R;CLSECFLFCR
R;CLSECINT
R;CLSECINVRE
R;CLSECMAT2M
R;CLSECMATRE
R;CLSECMEMRE
R;CLSECTYP2C
R;CLSECTYP2M
R;CLSHRCMP
R;CLSHRCUST
R;CLSHRDVD
R;CLSHRFEE
R;CLSHRLIST
R;CLSHRMAS
R;CLSHRMOST
R;CLSHROUT
R;CLSHRPORTF
R;CLSHRPROF
R;CLSHRPROLO
R;CLSHRSECVL
R;CLSHRVOL
R;CLSYNSUB
R;CLWARROLL
R;CLWARROLL2
R;CLWHTSDT
R;CLYRLYTAX
I;CMHI5
I;CMHIA
I;CMHIC
I;CMHIF
I;CMHIO
I;CMRGL
I;CMRGM
I;CMRGO
I;CMTBL
I;CMTBO
I;CMTC5
I;CMTCO
I;CMTCS
I;CMTD1
I;CMTD5
I;CMTDC
I;CMTEX
I;CMTHE
I;CMTI4
I;CMTI5
I;CMTIF
I;CMTIM
I;CMTIO
I;CMTL4
I;CMTL5
I;CMTLL
I;CMTLM
I;CMTLO
I;CMTTC
I;CMTVM
R;CNTRYBYBBL
R;CNTRYBYISO
R;CNTRYBYLOC
I;COMSO
I;COTIA
I;COTIC
G;CP-001CTPINBACINA
G;CP-001-NXT-DRIM
G;CP-001-NXT-PMTINT
G;CP-001-PMTCHK
G;CP-002-NBR-PMTINT
G;CP-003-INT-CAL
G;CP-004DELFACILITY
G;CP-005DELSECURITY
G;CP-006FORMCHCK
G;CP-006-SWIFT-TXT
G;CP-008UPDNVM
G;CP-010-SHARE-WGH
I;CPAY1
I;CPAYA
I;CPAYC
I;CPBC5
I;CPBCA
I;CPBCC
I;CPBCO
I;CPBGM
I;CPBGO
I;CPBO2
I;CPBP5
I;CPBPM
I;CPBPO
I;CPIIC
I;CPOIC
I;CPOS5
I;CPTD1
I;CPTDC
I;CPTIC
I;CPTIL
I;CPTIO
G;CP-UPD-CASH-FLOW
I;CPYIA
I;CPYIC
I;CRCIA
I;CRCIC
I;CRCYM
I;CREC1
I;CRECA
I;CRECC
I;CREP5
I;CREPL
I;CREPM
I;CREPO
I;CREXM
I;CREXO
I;CRIIA
I;CRIIC
I;CRISO
I;CRMI1
I;CRMIA
I;CRMIC
I;CRMO1
I;CRMOA
I;CRMOC
I;CROCL
I;CROCM
I;CROCO
I;CROIA
I;CROIC
I;CRTR1
I;CRTR3
I;CRTRO
I;CRXMO
I;CSC1M
I;CSC2M
I;CSCOL
I;CSCOM
I;CSCOO
I;CSCYM
I;CSE1M
I;CSE2C
I;CSE2M
I;CSE3C
I;CSEC1
I;CSEC2
I;CSEC4
I;CSEC5
I;CSEC6
I;CSECF
I;CSECL
I;CSECS
I;CSEI5
I;CSEIO
I;CSH2A
I;CSHA5
I;CSHAA
I;CSHAL
I;CSHAO
I;CSHC5
I;CSHCO
I;CSHCS
I;CSHDS
I;CSHM5
I;CSHMA
I;CSHML
I;CSHMO
I;CSHO5
I;CSHOA
I;CSHOO
I;CSHRA
I;CSHRO
I;CSHSC
I;CSHT5
I;CSHTA
I;CSHTC
I;CSHTL
I;CSHTM
I;CSHTO
I;CSHVO
I;CSIM5
I;CSIMS
I;CSLFO
I;CSSHL
I;CSSHM
I;CSSHO
R;CUATCRLOVR
R;CUBANKEXC1
R;CUCCMHOUPD
R;CUCEXRO
R;CUCHGIPRD
R;CUCLEANCOM
R;CUCLEANDIC
R;CUCLEANRES
R;CUCOMATRDO
R;CUCOMCLEAN
R;CUCOMCRINT
R;CUCONFIF2
R;CUCONFIFS
R;CUCONFIRM
R;CUCONFMIL
R;CUCRSWCM2
R;CUCUSTEXC1
R;CUDELCM
R;CUDELCMCON
R;CUDLLRDS
R;CUDLYABN
R;CUDLYABS
R;CUDLYCOMTR
R;CUDLYCSLFO
R;CUDLYFACTR
R;CUDLYFUSTR
R;CUDLYREPWA
R;CUDLYRTR
R;CUDLYSECTR
R;CUDLYSHROP
R;CUDLYSHRTR
R;CUEXSDELH
R;CUEXSINITH
R;CUEXSOUTO1
R;CUEXSOUTOH
R;CUFACOUTS
R;CUFEECAL
R;CUFLOATRTE
R;CUGUAACCRE
R;CUGUACMCNF
R;CUGUACOMA2
R;CUGUACOMAD
R;CUGUACOMEX
R;CUGUACONTR
R;CUHKPFAC
R;CUHLPDELCM
R;CUICNFS
R;CUIFLTRTE
R;CUIPMM
R;CUIPRDCHG
R;CULDCRYRIS
R;CULOADCBFM
R;CUMAKRISCL
R;CUMAKRISCT
R;CUMAKRISSE
R;CUMATPOS
R;CUMLYACCCL
R;CUMLYRTR
R;CUMMPURI
R;CUMTCLOSE
R;CUORPHSEC
R;CUPBPORTF
R;CUPBVALUE
R;CUPDPFAC
R;CUREUTIMP
R;CURTRFAC
R;CURTRFACCH
R;CURTRFILL
R;CURTRRISCH
R;CURXMRECON
R;CUSELPAYM
R;CUSHRCUSTM
R;CUSHRDVD
R;CUSHRLOG
R;CUSHRPRCLD
R;CUSHRRESTR
R;CUTRFACSEC
R;CUTRFWAREP
R;CUUPDFAC
I;CVAL1
I;DAEQ1
I;DBAT5
I;DBATM
I;DBATO
I;DBIL5
I;DBILO
I;DBRAM
I;DCBDO
I;DCBIC
I;DCBMM
I;DCBMO
I;DCBRO
I;DCDIC
I;DCLH1
I;DCLH5
I;DCLHO
I;DCLP5
I;DCLT2
I;DCLT5
I;DCLTO
I;DCNB5
I;DCNBC
I;DCNCC
I;DCND5
I;DCND6
I;DCNDA
I;DCNDL
I;DCNDO
I;DCNDS
I;DCNDT
I;DCNI5
I;DCNIC
I;DCNIF
I;DCNIO
I;DCNP5
I;DCNPC
I;DCNT5
I;DCNTL
I;DCNTM
I;DCNTO
I;DCON5
I;DCONA
R;DCONDLIST
I;DCONO
I;DCOV1
I;DCOVO
I;DCPIC
I;DCPOO
I;DCTI5
I;DCTIF
I;DCTIM
I;DCTIO
I;DCTRM
I;DCTRO
I;DDDC5
I;DDDC6
I;DDDCL
I;DDDCM
I;DDDCO
I;DDETO
I;DDI2M
I;DDICM
I;DEBF1
I;DEBFO
I;DECHM
I;DEFIN
I;DFID1
I;DFIDO
I;DFIM5
I;DFIMO
I;DFRTC
I;DFRTO
I;DFSC5
I;DFSCF
I;DFSCI
I;DFSCL
I;DFSCM
I;DFSCO
I;DFSIF
I;DFSII
I;DFSIL
I;DFSIM
I;DFSIO
I;DGCAL
I;DGCAM
I;DGCAO
I;DHDD1
R;DHERECBAT
R;DHERECRSND
I;DHIG1
I;DHII1
I;DHII2
I;DHIN1
I;DHIU1
I;DHOG1
I;DHOI1
I;DHOI2
I;DHON1
I;DHOU1
G;DI-005-FILLDRSM5
I;DICD1
I;DICM1
I;DICM5
I;DIDD1
I;DIDDF
I;DIDE1
I;DIDEC
I;DIDEF
I;DIIE1
I;DIIEC
I;DIIEF
I;DIIG1
I;DIIGC
I;DIIGF
I;DIII2
I;DIIIF
I;DIIN1
I;DIINC
I;DIINF
I;DIIRC
I;DIIU1
I;DIIUC
I;DIIUF
I;DIO2C
I;DIOD2
I;DIODI
I;DIOE1
I;DIOEC
I;DIOEF
I;DIOG1
I;DIOGC
I;DIOGF
I;DIOI2
I;DIOIF
I;DION1
I;DIONC
I;DIONF
I;DIORC
I;DIOT1
I;DIOTC
I;DIOTF
I;DIOU1
I;DIOUC
I;DIOUF
I;DIPT5
I;DIPTL
I;DIPTO
R;DLACCBLKPM
R;DLACCDWH
R;DLACCPMT
R;DLAMBASBAL
R;DLBALCHECK
R;DLBENERRIT
R;DLBNKCHRG
R;DLCFATF7AD
R;DLCHKFREN
R;DLCHKIBOS
R;DLCLESTS
R;DLCLNCOND
R;DLCONDAUT
R;DLCONDINT
R;DLCONDLIST
R;DLCONDTYP
R;DLCUSCOM
R;DLCUSMVTPT
R;DLCUSRSD
R;DLDLCCLCUS
R;DLDLLACRIT
R;DLDLLBL
R;DLDLLCLEAT
R;DLDLLCLEGB
R;DLDLLCLEGE
R;DLDLLCLEIE
R;DLDLLCLEIT
R;DLDLLCLENL
R;DLDLLCLEPT
R;DLDLLCLESP
R;DLDLLGPIT
R;DLDLLINTIT
R;DLDLLNAL
R;DLDLLNMUT
R;DLDLLNRAMB
R;DLDLLNSTRO
R;DLDLLOUR
R;DLDLLPBINT
R;DLDLLPBOS
R;DLDLLPBPF
R;DLDLLPMNT
R;DLDLLPNLT
R;DLDLLRECON
R;DLDLLREPAT
R;DLDLLRSK
R;DLDLLSEPA
R;DLDLLSIB
R;DLDLLUNAMD
R;DLDPTROES
R;DLDRFCHG
R;DLDSTOAUT
R;DLECHANNEL
R;DLERRCDTRN
R;DLHISTDODN
R;DLHISTPC
R;DLHISTPCNL
R;DLICMACC
R;DLICMLST
R;DLICMREK
R;DLICMSTA
R;DLICMSTI
R;DLLAMCPAY
R;DLLCHQPYGB
R;DLLCTPPAY
R;DLLMANPAY
R;DLLOGLST
R;DLLPHYADR
R;DLLPMTSTAT
R;DLLSBTAX
R;DLLSPEPAY
R;DLLSTDDC
R;DLLSTILACC
R;DLNAMCHECK
R;DLNBREPES
R;DLNBREPNL1
R;DLNBREPNL2
R;DLPMT
R;DLPMTBRLST
R;DLPMTHIS
R;DLPMTTRS
R;DLPRINTSTD
R;DLRCHQSEXT
R;DLREPIT1
R;DLREPIT2
R;DLREPIT3
R;DLREPIT4
R;DLRFDD
R;DLSELPMT
R;DLSELPMTHS
R;DLSELPMTTR
R;DLSMCTAM1
R;DLSMCTAM2
R;DLSMCTFFF
R;DLSMCTPIM1
R;DLSMCTPIM2
R;DLSPOTCOV
R;DLSTCDREP
R;DLSTMDDMAD
R;DLSTOPPAY
R;DLSTOXBR
R;DLSWF100
R;DLSWF100ST
R;DLSWF101
R;DLSWF103
R;DLSWF202
R;DLSWF204
R;DLSWFPRT
R;DLTRSDTLS
R;DLTRXDWH
R;DLUPOS
I;DMSTM
I;DMSTO
I;DPBD4
I;DPBD5
I;DPBDC
I;DPBDO
I;DPDD1
I;DPEIM
I;DPERM
I;DPFB5
I;DPFBC
I;DPFBK
I;DPIG1
I;DPII1
I;DPII2
I;DPIN1
I;DPIU1
I;DPMT5
I;DPOG1
I;DPOI1
I;DPOI2
I;DPON1
I;DPOU1
I;DPRI5
I;DPTH5
I;DPTL1
I;DPTL5
I;DPTRL
I;DPTRO
I;DRDI5
I;DRDIL
I;DRDIM
I;DRDIO
I;DRECA
I;DREIM
I;DREP1
I;DREP2
I;DREPM
I;DRPTC
I;DRPTM
I;DRPTO
I;DRSD1
I;DRSDO
I;DRSM5
I;DRSMC
I;DRSMO
I;DRTP1
I;DRTPM
I;DRVPM
I;DSI1M
I;DSI2M
I;DSLV1
I;DSLV2
I;DSLV5
I;DSLVM
I;DSLVO
I;DST1M
I;DST2M
I;DSTA1
I;DSTAO
I;DSTI5
I;DSTIF
I;DSTIO
I;DSTO5
I;DSTOL
I;DSTOO
I;DSTS1
I;DSTSO
I;DSV1M
I;DSV2M
R;DUACCBLK
R;DUAUTHBAT
R;DUCALCOSPE
R;DUCALCOSTS
R;DUCALCSTD
R;DUCHGPRD
R;DUCHQREQP
R;DUCLIEOP
R;DUCLRBLKAM
R;DUCORDIPTO
R;DUCORDSTSO
R;DUDLCCLMVT
R;DUDLLAEB45
R;DUDLLAEB46
R;DUDLLAEB47
R;DUDLLBE04
R;DUDLLCLECH
R;DUDLLCLENL
R;DUDLLCLESI
R;DUDLLDDCGB
R;DUDLLDRAFT
R;DUDLLENEPT
R;DUDLLPAYGB
R;DUDLLSLBE
R;DUDLLTASK
R;DUDLLTAXIT
R;DUDOCGEN
R;DUECHANNEL
R;DUFDBKIRM
R;DUFDBMTCH
R;DUFISET
R;DUFLBAT
R;DUFLCHO
R;DUFLICM
R;DUGCNVOUPL
R;DUGRCDACCT
R;DUHISDINST
R;DUHISPMT
R;DUINVTOINT
R;DUINVXBR
R;DUINVXBRR2
R;DUINVXBRRT
R;DUINVXBRRU
R;DULD8007NE
R;DULDAEB19
R;DULDAEB34
R;DULDAEB45
R;DULDAEB46
R;DULDAEB47
R;DULDBACSGB
R;DULDBACSIE
R;DULDBE04
R;DULDBIREL
R;DULDCBIIT
R;DULDCCLMVT
R;DULDCHQIE
R;DULDCLEAAT
R;DULDCLEACH
R;DULDCLEAGE
R;DULDCLEAIT
R;DULDCLEALC
R;DULDCLEALG
R;DULDCLEALP
R;DULDCLEAPC
R;DULDCLEAPP
R;DULDCLEARG
R;DULDCLEARN
R;DULDCLEARS
R;DULDCLEASI
R;DULDCLLVIE
R;DULDCUSPBO
R;DULDCUSTM
R;DULDDDCRGB
R;DULDDIPTO
R;DULDDRAFT
R;DULDDTACH
R;DULDDTAZV
R;DULDDTAZV2
R;DULDEUROCH
R;DULDFDBNL
R;DULDFDBPT
R;DULDFPS
R;DULDFREN
R;DULDGLBPT
R;DULDIBOS
R;DULDINBKNL
R;DULDM101G
R;DULDM101G2
R;DULDPBOBT
R;DULDPSTFIN
R;DULDRCEPT
R;DULDSCANGB
R;DULDSEBIL
R;DULDSECBR
R;DULDSEPA
R;DULDSLBE
R;DULDSWCMI
R;DULDSWF
R;DULDSWIFT
R;DULDTAXIT
R;DUMADCLRLD
R;DUMCHANNEL
R;DUNAVIS
R;DUNXTPMTDT
R;DUPAGMENTI
R;DUPDCONDS
R;DUPMT202
R;DUPMTVAL
R;DUPMTVL202
R;DUPRGDIPTL
R;DUPURCNDI
R;DUPURDSTOI
R;DUPURSTAT
R;DURECBAT
R;DURECCASH
R;DURECINV
R;DUREMPMNT
R;DUREVERSAL
R;DUS101ING
R;DUSTAT
R;DUSTOXBR
R;DUSWF104
R;DUSWF942
R;DUSWFCCR
R;DUTOSTAT
R;DUUPDBLK
R;DUUPDREFAC
R;DUXBRTRPTS
R;DUZEROBA2
R;DUZEROBA3
R;DUZEROBAL
R;ENDBATCH
R;ERICREP
R;FFTDCNDO
I;GAURM
I;GBATM
I;GBTDS
I;GBTIS
I;GBTPS
I;GBTRM
I;GBTRO
I;GBTSB
I;GBTST
I;GCNV5
I;GCNVM
I;GCNVO
I;GDIAO
I;GDIBO
I;GEASY
G;GI-001SHADOWDEST
G;GI-003-FST-CPN
G;GI-014DIFFMONTHS
G;GI-022-WGH-CCBRO
G;GI-022-WGH-CRTRO
G;GI-031CALCTAX
G;GI-031SDGRP
G;GI-034DUPRUN1
G;GI-034DUPRUN2
G;GI-040-MTRATES
G;GI-050-CALCSHRVAL
G;GI-054-CHK-CCUSO
G;GI-060-CRTR3
G;GI-060-RTR-ADETS
G;GI-060-RTR-AMVTO
G;GI-060-RTR-BDLGO
G;GI-060-RTR-CBFMO
G;GI-060-RTR-CCMHO
G;GI-060-RTR-CGUAS
G;GI-060-RTR-CGUAS2
G;GI-060-RTR-CMTCO
G;GI-060-RTR-CSHAO
G;GI-060-RTR-CSHOO
G;GI-060-RTR-IFRAO
G;GI-060-RTR-IFXCO
G;GI-060-RTR-IGIRO
G;GI-060-RTR-IGLDO
G;GI-060-RTR-IOPTS
G;GI-060-RTR-IOPTS2
G;GI-060-RTR-ISIMO
G;GI-060-RTR-ITLDO
G;GI-060-RTR-RDLR5
G;GI-070-COM-GUAR
G;GI-078PMTINT-INFO
G;GI-078PMTINV-INFO
G;GI-078PMTLOG-INFO
G;GI-078PMTSTD-INFO
G;GI-089-SWIFTHEAD
G;GI-091BDL-BDLAO
G;GI-101-UPD-CSHTL
G;GI-102-CLIFSDOC
G;GI-102-CLIMIDOC
G;GI-102-CLKOLDOC
G;GI-102-CLSINDOC
G;GI-103-ACRINT
G;GI-105-IFSPRINT-1
G;GI-105-IFSPRINT-2
G;GI-105-IFSPRINT-3
G;GI-105-IFSPRINT-H
G;GI-105-IFSPRINT-I
G;GI-105-SDS
G;GI-106-SDS
G;GI-107-SDS
G;GI-108-SDS
G;GI-109CRIIPIO
G;GI-109IRSTR
G;GI-117-CNFLOGO
G;GI-117-CNFMASKS
G;GI-120-UPDDPBDO
G;GI-127-REPO
G;GI-127S
G;GI-129-CHRGTYPE
G;GI-132-ATRDO
G;GI-132-FLAGBNF
G;GI-132-IBATO
G;GI-132-INTERBR
G;GI-132-INTERDATA
G;GI-132-LIQPARAM
G;GI-132-LOCCCY
G;GI-132-VALDTMAD
G;GI-133-BATCH
G;GI-135SDS
G;GI-139-FILLSDS
G;GI-139-INTCRE
G;GI-139-REVVAL
G;GI-139SG
G;GI-153-SDS
G;GI-153-T23CODES
G;GI-159SDS
G;GI-159-XML-CN2
G;GI-159-XML-CNV
G;GI-159-XML-FMT
G;GI-159-XML-PAR
G;GI-167-TNS
G;GI-ADBA2-LGRBAL
G;GI-CFACS-CCY
G;GI-CPF-PL
G;GI-CPF-PRESCRN-1
G;GI-CPY-INV
I;GIDPM
G;GI-FILLMYGRP
G;GI-IIFRA-SSI
G;GI-IIFXS-SSI
G;GI-IXFFC1
G;GI-IXFFC2
G;GI-IXFFC3
G;GI-IXFRC1
G;GI-IXFRC2
G;GI-IXFRC3
G;GI-IXFXC1
G;GI-IXFXC2
G;GI-IXFXC3
G;GI-IXIRC1
G;GI-IXIRC2
G;GI-IXIRC3
G;GI-IXLDC1
G;GI-IXLDC2
G;GI-IXLDC3
G;GI-IXOPC1
G;GI-IXOPC2
G;GI-IXOPC3
G;GI-MEMO-MAINT
G;GI-MINI-MAINT-CHK
G;GI-NXT-SCR
G;GI-PAINT-IXFFC
G;GI-PAINT-IXFRC
G;GI-PAINT-IXFXC
G;GI-PAINT-IXIRC
G;GI-PAINT-IXLDC
G;GI-PAINT-IXOPC
G;GI-PITOSSI
G;GI-PVTOSSI
G;GI-STD-PL
G;GI-STD-PS
G;GI-TSTPRD
R;GLACLOG
R;GLBATCHERR
R;GLBATCHLST
I;GLBOP
R;GLCLFSTAT
R;GLEASYSERV
R;GLEODSTAT
R;GLEODTIME
R;GLEURDEALS
R;GLPFOLIND
R;GLPRSNL
R;GLPRSNLLOG
R;GLPRSNLLST
R;GLPRSNLSEC
R;GLRPDEFSEC
R;GLSAMEXT
R;GLSAMSTS
R;GLSCRSEC
R;GLSECCLIST
R;GLSECMOEVT
R;GLSECPAUT
R;GLSECPINT
R;GLSWFCNV
R;GLSWMSTS
R;GLSYSOP
I;GMONI
I;GMONO
I;GMSG4
I;GMSGS
G;GP-001FORMATDEST
G;GP-003FINDERR
G;GP-004CHDCHK
G;GP-005CHKHOLIDAY
G;GP-006WDY-1
G;GP-007WDYEOM
G;GP-008PREVMONTH
G;GP-009RPSCHED
G;GP-009RPSCHED-CHK
G;GP-010AMOUNTCHK
G;GP-010AMOUNTCHK2
G;GP-011AMOUNTDISP
G;GP-011AMOUNTDISP2
G;GP-011AMOUNTDISP3
G;GP-012RATECHECK
G;GP-013RATEDISPLAY
G;GP-014RUN-CHECK
G;GP-015-DT-RNGMNTH
G;GP-016RNDAMO
G;GP-017-FINDRFSEC
G;GP-017-FINDRPSEC
G;GP-017-FINDSCSEC
G;GP-018CHG-TO-CAPS
G;GP-019ACCNTU
G;GP-022-WGH-AMO-1
G;GP-022-WGH-AMO-2
G;GP-022-WGH-AMO-3
G;GP-022-WGH-AMO-4
G;GP-022-WGH-RATE-3
G;GP-023CHKFILE
G;GP-024SMSGTOWAIT
G;GP-025-AMODEPOSIT
G;GP-026AEVTO
G;GP-026ATRDO
G;GP-027TREF
G;GP-028DCS
G;GP-029NUMWDY
G;GP-030DIFFMONTHS
G;GP-031-REN-PER
G;GP-033MCHACP
G;GP-035MTOST
G;GP-036-GEXCTV
G;GP-036-XCOUNTVAL3
G;GP-036-XCOUNTVALY
G;GP-036-XERBSY
G;GP-036-XREXCY
G;GP-036-XSPOTY
G;GP-037DMCY-CYMD
G;GP-038LOCALDATTIM
G;GP-039-MTEXECLEV2
G;GP-040-FXPL
G;GP-040-MTPL
G;GP-041-CTV
G;GP-041-CTV-CHFCO
G;GP-041-XREXCY
G;GP-041-XSPOTY
G;GP-042-MTPLCUST
G;GP-043-HIDEZONE
G;GP-044MATCH
G;GP-045-MTAFACLIM
G;GP-046-MTRSAF
G;GP-047-MTASPEC
G;GP-048-MTPLHIS
G;GP-049-MTREVALUAT
G;GP-050-RNDCSHAA
G;GP-051CALCONTRPER
G;GP-052GETNXTIBATO
G;GP-053CTV
G;GP-054-COMCSHAA
G;GP-054-CUST-FEE
G;GP-055-GETFAMILY
G;GP-055-GETMASTER
G;GP-056GETCPRDBKG
G;GP-057CHK-CHDGTRD
G;GP-058CHK-NET
G;GP-059-MTPLREA
G;GP-060-GET-CFACS
G;GP-060-RTR-COMMON
G;GP-060-RTR-LBRAS
G;GP-060-RTR-LPRDS
G;GP-061FILLBRA-ARR
G;GP-062CHKBRA-ARR
G;GP-064-FBNK
G;GP-064-FTOP
G;GP-066-CHKACC
G;GP-066CHKACC-11
G;GP-066CHKACC-EZ
G;GP-066-SWCHD
G;GP-067-CALCLEF
G;GP-068AEPMTINTLOG
G;GP-069-RESERVE
G;GP-069-RESERVE2
G;GP-070-STRONG-CCY
G;GP-071CND
G;GP-071COND
G;GP-071COND2
G;GP-071COND3
G;GP-071CONDPER
G;GP-071SETUP
G;GP-072-BAL-CHECK
G;GP-072-BAL-CHECKC
G;GP-072-BAL-CHECKN
G;GP-072-BAL-CHECKT
G;GP-073-ADD-WDY
G;GP-073-SUB-WDY
G;GP-073WDY
G;GP-074-AUTH
G;GP-075ROUT
G;GP-076-CHK-ACCFOR
G;GP-077-SETTL-LIM
G;GP-078FILL-PMTDAT
G;GP-079-DRAWDOWN
G;GP-080-CUSTCHK
G;GP-081-CHQ-ADETS
G;GP-081-CHQ-ATRDO
G;GP-081-CHQ-ATRDO2
G;GP-081-CHQ-ATRDOW
G;GP-082ACCR-INT
G;GP-083PCTCHECK
G;GP-084CALC-YTM
G;GP-087CALC-MBSPD
G;GP-087CALC-REVAL
G;GP-088-BNDOUTST
G;GP-088MATCH-DEAL
G;GP-088SHORT-DEAL
G;GP-089CALC-ACRINT
G;GP-090REPAT
G;GP-091BDL-ACCEVT
G;GP-091BDL-ACCEVT2
G;GP-092CALC-MOVAVG
G;GP-093-XBRDBLE
G;GP-094-CHKSWADR
G;GP-095-CCCY095
G;GP-095-CHKSWREL
G;GP-095-CHKSWREL-2
G;GP-096BDL-PMTEVT
G;GP-096-PMTEVT
G;GP-097CHK-PMTINS
G;GP-097GET-ACCEVT
G;GP-097GET-ATRDO
G;GP-097GET-PMTINS
G;GP-098GET-DEP
G;GP-098GET-NOSTRO
G;GP-099BDL-INVMO
G;GP-099BDL-OPINVMO
G;GP-099LIQ-INVMO
G;GP-100-500
G;GP-100-ACW001
G;GP-100-DATE
G;GP-100-F20
G;GP-100-F21
G;GP-100-F23A
G;GP-100-F25
G;GP-100-F30
G;GP-100-F31A
G;GP-100-F32A
G;GP-100-F33T
G;GP-100-F35A
G;GP-100-F35B
G;GP-100-F52AB
G;GP-100-F53
G;GP-100-F56
G;GP-100-F57
G;GP-100-F58AB
G;GP-100-F71
G;GP-100-F72
G;GP-100-F72B
G;GP-100-F83A
G;GP-100-F84AB
G;GP-100-F85
G;GP-100-F87A
G;GP-100-F87AB
G;GP-100-F87AD
G;GP-100-F88
G;GP-100-SWIFTFOOT
G;GP-100-SWIFTHEAD
G;GP-101-DES-PW
G;GP-101-DES-PW-R
G;GP-102GETDECSEP
G;GP-104-NXTPAYDTE
G;GP-106INTCAL
G;GP-107DTCAL
G;GP-108DTFIX
G;GP-109CRIIRSO
G;GP-109UPDIIRSO
I;GP110
G;GP-110-ACCBLK
G;GP-110-ACCLU
G;GP-110-ACCLUD
G;GP-111MBS-CPN
G;GP-112-DEAL
I;GP113
G;GP-113-NAVISLU
G;GP-114-ZONCTL
G;GP-115-CCRYDEFS
G;GP-116-CHKSWREL
G;GP-116-CHKSWREL-2
G;GP-117-STDLOGO
G;GP-120-DPBDO
G;GP-120-DPBDOMNT
G;GP-122-DB0
G;GP-122-DB1
G;GP-122-ICMPMNTS
G;GP-122-STATUS
G;GP-124-PMNTSTATUS
G;GP-125-TYPIVYPMT
G;GP-126-DFRTO
G;GP-127-REPO
G;GP-128-DCTRO
G;GP-128-GD-CHARGES
G;GP-128-GLCHG
G;GP-129NXTDTE
G;GP-130INT-IILDO
G;GP-130INV-IILDO
G;GP-131ARBITRAGE
G;GP-133PRFILNM
G;GP-134-DPBDOTOTAL
G;GP-135-BRA
G;GP-136-GLEASYQST
G;GP-137-CABIT
G;GP-140-CHARCHK
G;GP-140-CHARCHK-2
G;GP-141-CACW-CHK
G;GP-142-DIR-IND
G;GP-143STRIP-IBAN
G;GP-144IBAN
G;GP-145-CALC-CHRG
G;GP-146ROUTE-ES
G;GP-147ADJ-AMUNT
G;GP-147GET-CFACS
G;GP-147GET-FACILTY
G;GP-148-103CHK
G;GP-148-103CHRG
G;GP-149-CHK-ACC
G;GP-150-ENROUTER
G;GP-151-BATCHPROC
G;GP-152-CHGMNTLOG
G;GP-153-CHKDLSB
G;GP-154-GETOTHPRTY
G;GP-155-FEEDBACK
G;GP-156-EUPLU
G;GP-157-CLEARAT
G;GP-158-GET-UPOS
G;GP-159-GVC
G;GP-160-DIC
G;GP-161-RTGS
G;GP-162-LDTAX
I;GP163
G;GP-163-CHKNAM
G;GP-164-GET-ABIMOT
G;GP-165-GRID-XREF
G;GP-166-TARGET2
G;GP-168-CUTOFF
G;GP-169-SWVAL
G;GP-170-SECMON
G;GP-171-SWMSGST
G;GP-172-CHKPSD
I;GP173
G;GP-173-ANSVAL
G;GP-174-ROUTEPMT
G;GP-ACCESS-CHECK
G;GP-ACLOG-WRITE
G;GP-ADD-DAYS
I;GPAIO
I;GPAPF
I;GPAPM
I;GPARL
I;GPARO
I;GPARX
G;GP-BONDINI
G;GP-CHECK-CFACS
G;GP-CHECK-CFACS-2
G;GP-CPF-Q-BEF-UPD1
G;GP-CPF-Q-BEF-UPD2
G;GP-CPF-UPD-CHECK
G;GP-CSITLIKE
G;GP-DATE-X
G;GP-DIRECT-TO-MENU
G;GP-GLB-USER-ONLY
G;GP-INQ-BEFORE-UPD
G;GP-INQ-BEF-UPD2
G;GP-LSTDAYMNTH
G;GP-MAINT-CHECK
G;GP-NEXT-PROCESS-N
G;GP-NEXTWDY
G;GP-NUMERIC-CHECK
G;GP-PW-SCRAMBLE
G;GP-PW-UNSCRAMBLE
G;GP-REFERENCE-CHK
G;GP-RPDEF-PL-1
G;GP-RPSCH-PL-1
I;GPRT5
I;GPRTA
I;GPRTO
G;GP-SUPPR-ZEROS
G;GP-SWFINI
G;GP-UPDATE-CHECK
G;GP-VALID-NEXT-CHK
G;GR-001BASELOGIC
G;GR-001ROCINIT
G;GR-001ROCLOGIC
G;GR-001ROCPF90
G;GR-002REPFOOTING
G;GR-003REPERRORS
G;GR-004FR01LG
G;GR-005CHKHOLIDAY
G;GR-016RNDAMO
G;GR-017-SWFNUM
G;GR-018ARBSDS
I;GRTPM
I;GRTPO
I;GSAD5
I;GSADO
I;GSAM1
I;GSAM2
I;GSAM4
I;GSAM5
I;GSAMO
I;GSBRM
I;GSBRO
I;GSBSM
I;GSBSO
I;GSCRM
I;GSEML
I;GSEMO
I;GSMPM
I;GSRI5
I;GSRIF
I;GSWMO
I;GSWS1
I;GSWS5
R;GUCHGACLOG
R;GUCLEANUP
R;GUCPYSCSEC
R;GUCREBATCH
R;GUCRESUB
R;GUCRESUB2
R;GUCRESUB3
R;GUDELREPS
R;GUERRMSG
R;GUFFTFIX
R;GUFILLREFL
R;GUGBATMSEQ
R;GUGPRTO
R;GUMNSEC
R;GUREFER
R;GUREPMGR
R;GURESETMGR
R;GUSCHSPBAT
R;GUSECPPURI
R;GUSTARTINP
R;GUSTARTISW
R;GUSTARTUP
R;GUSTARTWFL
R;GUSWMNRPL
R;GUWFLSTA1
I;GXMLM
I;GXMLO
R;GXMLOUPD
R;HGLOADMDC
I;IABA1
I;IACCM
I;IACCO
I;IAFFC
I;IAFRC
I;IAFXC
I;IAIRC
I;IALDC
I;IAMTC
I;IAOPC
I;IAUTL
I;IAUTM
I;IAUTO
I;IBAT1
I;IBATA
I;IBATO
I;IBBD4
I;IBBDO
I;IBDDO
I;IBDHO
I;IBSPC
I;IBTF1
I;IBTF2
I;IBTF5
I;IBTI1
I;IBTI5
I;IBVD1
I;IBVD5
I;ICBRM
I;ICBRO
I;ICCFB
I;ICCFC
I;ICDCI
I;ICDPI
I;ICLF4
I;ICNDL
I;ICNDM
I;ICNDO
I;ICNF5
I;ICNFL
I;ICNFO
I;ICNFS
I;ICNLD
I;ICNPC
I;ICNRL
I;ICNSC
I;ICOE5
I;ICOF5
I;ICOLB
I;ICOLC
I;ICON5
I;ICOPC
I;ICOPL
I;ICOPO
I;ICOSP
I;ICPDC
I;ICPIC
I;ICPRB
I;ICPRC
I;ICPRP
I;ICVB5
I;ICVBS
I;IDPLO
I;IEBAM
I;IERB5
I;IERBS
I;IERMO
I;IEXC5
I;IFASO
I;IFCP1
I;IFCPO
I;IFCSL
I;IFCSO
I;IFCTC
I;IFERS
I;IFFAO
I;IFFC1
I;IFFCL
I;IFFCO
I;IFFDL
I;IFFDO
I;IFFE5
I;IFFOO
I;IFFPO
I;IFFT1
I;IFFTO
I;IFFVO
I;IFFVS
I;IFIRC
I;IFPIC
I;IFPSO
I;IFRAL
I;IFRAO
I;IFRCL
I;IFRCO
I;IFRE5
I;IFRPL
I;IFRPO
I;IFTCO
I;IFTSO
I;IFUPS
I;IFXAO
I;IFXCL
I;IFXCO
I;IFXE5
I;IFXPL
I;IFXPO
I;IGFFC
I;IGFRC
I;IGFXC
I;IGIRC
I;IGIRO
I;IGLDC
I;IGLDO
I;IGMI5
I;IGNOR
I;IGOPC
I;IGTEC
I;IHMC5
I;IHMCL
I;IHMCS
G;II-001VERAMO
G;II-003FINDCTPNUM
G;II-005FILL-IMILD
G;II-005FILL-IMIRF
G;II-006-SWIFT-TXT
G;II-006-SWIFT-TXT2
G;II-007-FILL-IMFX5
G;II-008PAYMENTFILL
G;II-009-FILL-IBTF5
G;II-009-FILL-IBTI5
G;II-009-FILL-IIOP5
G;II-009-FILL-IIPH5
G;II-010-FEXC-ICON5
G;II-010-FILL-ICON5
G;II-010-FILL-RCON6
G;II-010-IRCS-ICON5
G;II-011FINDCTPNUMS
G;II-012-FILL-IFRA5
G;II-013-FILL-IOPT5
G;II-014-UPD-MATCH
G;II-015-DPTRO101
G;II-050FILL-IMIR5
I;IICFM
I;IICSO
G;II-DEC-TO-X
I;IIFF1
I;IIFF5
I;IIFFO
I;IIFFS
G;II-FIL-CMT
G;II-FILL-DBIL5
G;II-FILL-DCLH5
G;II-FILL-DCLP5
G;II-FILL-DCLT5
G;II-FILL-DCTRM
G;II-FILL-DEBF1
G;II-FILL-DFSC5
G;II-FILL-DIPT5
G;II-FILL-DPBD5
G;II-FILL-DPFB5
G;II-FILL-DPMT5
G;II-FILL-DPTH5
G;II-FILL-DPTL5
G;II-FILL-GSWS5
G;II-FILL-IEXC5
G;II-FILL-IRCL5
I;IIFR1
I;IIFR5
I;IIFRA
I;IIFRO
I;IIFXO
I;IIFXS
I;IIFXT
I;IIIR1
I;IIIR5
G;II-LAUNCH-TEST
I;IILDA
I;IILDD
I;IILDM
I;IILDO
I;IINI5
I;IINIF
I;IINIM
I;IINIO
I;IINT5
I;IINTL
I;IINTM
I;IINTO
I;IIOP1
I;IIOP5
I;IIOPO
I;IIPH5
I;IIPI1
I;IIPI2
I;IIPIO
G;II-RCON5-OUTST
I;IIRE5
G;II-READ-THREE-WAY
I;IIRGM
G;II-RRSC5-OUTST
I;IIRSO
G;II-TABLE-SELECT
I;IITEC
G;II-TEST-IB
G;II-UPD-FPHOCNF
G;II-UPD-FPHOCNFINT
G;II-UPD-ILNGS
G;II-VAR-MRG
G;II-X-TO-DEC
R;ILACDLYPL
R;ILAFFLOADN
R;ILAUDFFTTM
R;ILAUDIT
R;ILAUDITFFT
R;ILAUDITLO3
R;ILAUDITLON
R;ILAUTDCSTA
R;ILBGEFOREX
R;ILBGEFRA
R;ILBGEIRCS
R;ILBGEIRF
R;ILBGELOADE
R;ILBGEOPT
R;ILBGEVDL
R;ILBGEVOL
R;ILBOEAGIN2
R;ILBOEDEP50
R;ILBOEDEP52
R;ILCHKDUP1
R;ILCNFDCSTB
R;ILCNFFRA
R;ILCNFIRS
R;ILCNFLDFX
R;ILCNFMAN
R;ILCNFOPT
R;ILCNFTXT
R;ILCOMPBTS
R;ILCOMWARFR
R;ILCOMWARFX
R;ILCOMWARIR
R;ILCOMWARLD
R;ILCONSELFR
R;ILCONSELFX
R;ILCONSELLD
R;ILCONSELSC
R;ILCONSLIRS
R;ILCONSLLD2
R;ILCTMFX
R;ILCTMMM
R;ILCTPPHO
I;ILDAO
R;ILDAYMVTFR
R;ILDAYMVTFX
R;ILDAYMVTIR
R;ILDAYMVTLD
R;ILDAYMVTOP
I;ILDCL
I;ILDCO
I;ILDE5
R;ILDEALNUM
R;ILDEALPMAT
R;ILDEALTICK
R;ILDLCTP
R;ILDLLCRED
R;ILDLLCSS12
R;ILDLLIOPTS
R;ILDLLMIS1
R;ILDLLSTPMT
R;ILDLYACCF3
R;ILDLYACCFR
R;ILDLYACCFX
R;ILDLYACCIR
R;ILDLYACCL3
R;ILDLYACCLD
R;ILDLYMRGLD
R;ILDLYMVCUS
R;ILDLYVLM2
R;ILDLYVLMRP
R;ILDOCTCOM
R;ILDOCTINV
R;ILDOCTMAT
I;ILDPL
I;ILDPO
I;ILDTL
R;ILEURREP01
R;ILEXPBNK50
R;ILEXPCLI50
R;ILFOREXIN
R;ILFRAIN
R;ILFRAOUT
R;ILFRDEALTK
R;ILFRRDSTRS
R;ILFRTRANSA
R;ILFWDCONAL
R;ILFWDOUTCU
R;ILFWDOUTVA
R;ILFXBTSTRA
R;ILFXBYCCY
R;ILFXDEALIN
R;ILFXDEALTK
R;ILFXDLTICK
R;ILFXMAS
R;ILFXMTMVAL
R;ILFXTRANSA
R;ILHISFR
R;ILHISFX
R;ILHISLD
R;ILHMC
R;ILINTBASRT
R;ILINVFLAT
R;ILINVSEL
R;ILIRFDEATK
R;ILIRFLP
R;ILIRFOP
R;ILIRFPC
R;ILIRFTDY
R;ILIRFTRA
R;ILIRSDEATK
R;ILIRSGFI
R;ILIRSINFO
R;ILIRSTRA
R;ILISIMAUT
R;ILISPIO
R;ILJUSPDACC
R;ILJUSRAEOM
R;ILLDBTSTRA
R;ILLDCONAL
R;ILLDDEALIN
R;ILLDICHK
R;ILLDOUTCU
R;ILLDOUTTER
R;ILLDTRANSA
R;ILLISTESP
R;ILLNG
R;ILLONDEPIN
R;ILLSTCOMP
R;ILLSTPAYDL
R;ILLSTWARFR
R;ILLSTWARFX
R;ILLSTWARIR
R;ILLSTWARLD
R;ILMKGDBBMB
R;ILMLYMRGLD
R;ILNCUDTPOS
R;ILNCUDTRPO
I;ILNG5
I;ILNGL
I;ILNGS
R;ILNOSDTBND
R;ILNOSDTFUT
R;ILNOSDTPO2
R;ILNOSDTPOS
R;ILNOSDTRPO
R;ILNSETFRA
R;ILOPDEATDY
R;ILOPLGRACC
R;ILOPLSTMTH
R;ILOPMATMTH
R;ILOPMTHTOD
R;ILOPTEXPDT
R;ILOUFWCVDE
R;ILOUTCCYPA
R;ILOUTFRASU
R;ILOUTFXEOQ
R;ILOUTINVMA
R;ILOUTINVSU
R;ILOUTIRBKG
R;ILOUTIRS
R;ILOUTMATLD
R;ILOUTOPCTP
R;ILOUTOPTTY
R;ILOUTRR
I;ILPAL
I;ILPAM
I;ILPAO
R;ILPAYINADV
R;ILPMTCHG
R;ILPMTDTEDC
R;ILPOSIRS
R;ILPRCNFNP
R;ILPRCNFSTA
R;ILPRINTCNF
R;ILPRPMTNOS
R;ILPRPMTSTA
R;ILPYISTINT
R;ILRCCNF
R;ILRESIRS
R;ILSELCONOP
R;ILSETFRA
R;ILSHNABSNT
R;ILSIMPMEM
R;ILSIMPREP
R;ILSPFWISO
R;ILSPFWOUT
R;ILSPOTFLAT
R;ILSTMBAL
R;ILSTMDEP
R;ILSTMSUM
R;ILSTMTRG
R;ILSTPMTINS
R;ILSUMCUS
R;ILSUMMVTFR
R;ILSUMMVTFX
R;ILSUMMVTIR
R;ILSUMMVTLD
R;ILTKOIFFDO
R;ILTRSDEAL
R;ILWARDTEDC
R;ILWAROPTEX
R;ILXDWAR
I;IMAGC
I;IMAGO
I;IMBT5
I;IMCO5
I;IMFC5
I;IMFR5
I;IMFT5
I;IMFX5
I;IMIF5
I;IMIR5
I;IMLD5
I;IMLN1
I;IMMLC
I;IMOP5
I;IMSP5
I;IMSPD
I;IMSPM
I;INETL
I;INETM
I;INETO
I;INOSL
I;INOSM
I;INOSO
I;INQUS
I;INVMO
I;IOASO
I;IODU5
I;IODUL
I;IODUS
I;IOFF5
I;IOFFC
I;IOPCL
I;IOPCO
I;IOPE5
I;IOPEC
I;IOPPL
I;IOPPO
I;IOPT1
I;IOPTC
I;IOPTL
I;IOPTS
I;IOSTM
G;IP-001CTPINBACINB
G;IP-002TSHNPERSENT
G;IP-003CCRYCCCYEXB
G;IP-003CCRYCCCYEXI
G;IP-005NOSTRO
G;IP-006-SWIFT-TXT
G;IP-008AEINVMO
G;IP-008ANNUNVM
G;IP-008BONDNVM
G;IP-008FEXCNVM
G;IP-008FRMMNVM
G;IP-008IRCSNVM
G;IP-008LDMMNVM
G;IP-008OPTSNVM
G;IP-009-FUTCOM
G;IP-009-FUTIMRG
G;IP-009-IFTCO
G;IP-009-NOSACNV
G;IP-009-PMR05
G;IP-009-SUBSTRING
G;IP-009-TRIM
G;IP-014DISP-ITCFO
G;IP-016GET-ISAVO
G;IP-031CALAMTBGE
G;IP-032VERAMO
G;IP-033BGEAMTCHK
I;IPAPC
I;IPASC
I;IPCOM
G;IP-CTR-SCANREL
G;IP-DATE-TEST
I;IPFXC
I;IPIBO
I;IPII5
I;IPIIF
I;IPIIO
G;IP-LAUNCH-LOAD
I;IPMTL
I;IPMTM
I;IPMTO
I;IPOCC
I;IPRO4
I;IPTDC
I;IPTI1
I;IPTI2
I;IPTI5
I;IPTIC
I;IPTIL
I;IPTIO
I;IPWDL
I;IPWDM
I;IPWDO
I;IRCL1
I;IRCL3
I;IRCL5
I;IRCPC
I;IRCV1
I;IRCVO
I;IRFR5
I;IRFRL
I;IRFRM
I;IRFRO
I;IRS1A
I;IRS2A
I;IRSAO
I;IRSCL
I;IRSCO
I;IRSLQ
I;IRSPL
I;IRSPO
I;IRSSC
I;IRSTM
I;IRSTR
I;IRSWL
I;ISAVO
I;ISBD1
I;ISCO1
I;ISFR1
I;ISFRC
I;ISFX1
I;ISFX2
I;ISIF1
I;ISIF5
I;ISIFO
I;ISIM4
I;ISIM5
I;ISIM6
I;ISIMC
I;ISIML
I;ISIMO
I;ISIMS
I;ISIR1
I;ISLD1
I;ISOS1
I;ISOS2
I;ISOS3
I;ISOS4
I;ISPIL
I;ISPIO
I;ISSLC
I;ISSTI
I;ISTAC
I;ISTL4
I;ISTL5
I;ISTLO
I;ISTM1
I;ISTM4
I;ISTM5
I;ISTMC
I;ISTMO
I;ISTMT
I;ISTMZ
I;ISTPM
I;ISWCO
I;ISWCS
I;ITCFO
I;ITEC5
I;ITECO
I;ITECX
I;ITIRO
I;ITITL
I;ITITO
I;ITLDO
I;ITOL5
I;ITOLL
I;ITOLM
I;ITOLO
I;ITXT5
I;ITXTM
I;ITXTO
R;IUAUDTBL
R;IUAUDTBLES
R;IUAUTOSCAN
R;IUBOEB7SEL
R;IUCHGCTP
R;IUCHGPFTL3
R;IUCHKCNF
R;IUCHKSTM
R;IUCHSCNF
R;IUCLNCNF
R;IUCLNINT
R;IUCLNSTM
R;IUCLNTBL
R;IUCLNTBLES
R;IUCLNUPBD
R;IUCLRATE
R;IUCNF
R;IUCNF2
R;IUCNVNOSRE
R;IUCPRDBKG
R;IUCRECNF
R;IUCRSWPM2
R;IUCUTOFTIM
R;IUDELCON
R;IUDELILDAO
R;IUDELISIMO
R;IUDLYABFRA
R;IUDLYABIRF
R;IUDLYABIRS
R;IUDLYABOPT
R;IUDLYACCAB
R;IUERRIPU
R;IUEXPSSI
R;IUFDSIMP
R;IUFDSIMPOS
R;IUFDSIMPRO
R;IUFILIBTF5
R;IUFILIBTI5
R;IUFILIIPH5
R;IUFILIMFX5
R;IUFILIMLD5
R;IUFILLSAV1
R;IUFILLSAV4
R;IUFILLSAVO
R;IUFLSHN
R;IUFRASET
R;IUFRTRPTRA
R;IUFUTIRS
R;IUFXCTPUPD
R;IUFXTRPTRA
R;IUICVBSDEL
R;IUINIPMTDT
R;IUINIWARDT
R;IUINTBTS
R;IUINTIRS
R;IUINVFRA
R;IUINVFX
R;IUINVIRF
R;IUINVIRS
R;IUINVLD
R;IUINVOP
R;IUIPUBART
R;IUIPUSWF
R;IUIRFMRG
R;IUIRFTRPTR
R;IUIRMACK
R;IUIRSFIX
R;IUIRSTRPTR
R;IUISPIODEL
R;IULDIRF
R;IULDIRFCON
R;IULDIRSTR
R;IULDITXTO
R;IULDRCNV
R;IULDRDSFF
R;IULDRDSFFC
R;IULDRDSFFM
R;IULDRDSFR
R;IULDRDSIR
R;IULDRDSOP
R;IULDTRPTRA
R;IULDWSIRS
R;IULOADFRTR
R;IULOADFXTR
R;IULOADLC
R;IULOADLDTR
R;IUMAKERIS
R;IUMKSWCN2
R;IUMLYACCF3
R;IUMLYACCFF
R;IUMLYACCFR
R;IUMLYACCIR
R;IUMLYACCL3
R;IUNETCOPM
I;IUNMI
R;IUNOSCHG
R;IUNOSCHG2
R;IUNOSVALDL
R;IUNOSVALMT
R;IUOPTRPTRA
R;IUPAYLOAD
R;IUPDSIMP
R;IURECCON
R;IUREMMATFR
R;IUREMMATFX
R;IUREMMATIF
R;IUREMMATIR
R;IUREMMATLD
R;IUREMMATOP
R;IUREMRCNV
R;IURINPSWF
R;IUSELCONPM
R;IUSELDAYCN
R;IUSELPM
R;IUSTMLST
R;IUSWFACK
R;IUTECDL
R;IUTKOSWF2
R;IUUPDIFXCO
R;IUUPDIILDO
R;IUUPDIRCS
R;IUUPDITLDO
R;IUUPDPFCFR
R;IUUPDPFCIR
I;IVFFC
I;IVFRC
I;IVFXC
I;IVLDC
I;IVOPC
I;IWARL
I;IWARM
I;IWARO
I;IWODL
I;IWODM
I;IWODO
I;IWSSI
I;IWSSO
R;JAACORDPBD
R;JAAUAHLBO
R;JTCCCMTLO
R;JTCCDRIM
R;JTCCREM
R;JTDCNDO
R;JTDCNDO2
R;JTLCORO
R;JTREPADETS
R;JTUPDIILDO
I;LADR4
I;LBGR4
I;LBGRL
I;LBGRS
I;LBIRO
I;LBRA1
I;LBRA4
I;LBRA5
I;LBRAL
I;LBRAS
I;LBRC4
I;LBRCL
I;LBRCS
I;LBRO1
I;LBRO5
I;LBROL
I;LBROS
I;LBSK5
I;LBSK6
I;LBSKL
I;LBSKM
I;LBSKS
I;LCBIM
I;LCBN5
I;LCBN6
I;LCBNL
I;LCBNM
I;LCBNS
I;LCCC5
I;LCCC6
I;LCCCL
I;LCCCM
I;LCCCS
I;LCCY1
I;LCCY5
I;LCCY6
I;LCCY7
I;LCCY8
I;LCCYL
I;LCCYS
I;LCGR1
I;LCGR5
I;LCGR6
I;LCGR7
I;LCGRL
I;LCGRS
I;LCI1C
I;LCI2C
I;LCI3C
I;LCI4C
I;LCI5C
I;LCI6C
I;LCI7C
I;LCIY1
I;LCIY5
I;LCIY6
I;LCIYL
I;LCIYS
I;LCLI4
I;LCLI5
I;LCLIL
I;LCLIS
I;LCOR1
I;LCOR5
I;LCORC
I;LCORO
I;LCP1C
I;LCP2C
I;LCP3C
I;LCP4C
I;LCP5C
I;LCP6C
I;LCP7C
I;LCPS1
I;LCPS5
I;LCPSL
I;LCPSS
I;LCRY1
I;LCRY5
I;LCRY6
I;LCRY7
I;LCRYL
I;LCRYS
I;LCSI1
I;LCSI4
I;LCSTL
I;LCSTM
I;LCSTS
I;LCT21
I;LCT2C
I;LCT31
I;LCT3C
I;LCTI5
I;LCTIF
I;LCTIO
I;LCTP1
I;LCTP5
I;LCTPL
I;LCTPS
I;LCTS5
I;LCTS6
I;LCTSL
I;LCTSM
I;LCTSO
I;LEBAO
I;LELC1
I;LELC5
I;LELCL
I;LELCS
I;LELI5
I;LELIC
I;LELIF
I;LELIO
I;LGR1C
I;LGR2C
I;LGR3C
I;LGR4C
I;LGRD5
I;LGRDL
I;LGRDO
I;LGRRM
I;LGXFL
I;LGXFO
I;LHLP1
I;LHOL5
I;LHOLL
I;LHOLM
I;LHOLO
I;LIBAN
R;LLALPHA1
R;LLBRCS
R;LLBRCSAUT
R;LLBROS
R;LLCBNM
R;LLCCYAUT
R;LLCCYCRY
R;LLCHKRISAC
R;LLCITY
R;LLCPCUS
R;LLCRYAUT
R;LLCRYCCY
R;LLCTPAUT
R;LLCTPCLI
R;LLCTPECO
R;LLCTPLST
R;LLCTPRCN
R;LLCTPTRSTU
R;LLCURRENCY
R;LLCUSDEAL
R;LLDLLCTPTY
R;LLDLLLCRYS
R;LLDLLLCTSO
R;LLDLLRDS
R;LLFULLNAME
R;LLPACBAL
R;LLPACTRA
R;LLPERSAUT
R;LLPERSON01
R;LLPERSON02
R;LLPERSON03
R;LLPMBRAAUT
R;LLPRDDIC01
R;LLPRDDIC02
R;LLSTOCK1
I;LOGOF
I;LOGON
R;LOJBMG
R;LOJCCR
R;LOJCORO
R;LOJDCNDO
R;LOJDELMVT
R;LOJDINR
R;LOJDLSTRUN
R;LOJEOD
R;LOJGCNVO
R;LOJGPARO
R;LOJHOL
R;LOJICNFS
R;LOJMM2
R;LOJMM3
R;LOJMVTDEL
R;LOJPSD
R;LOJREFER
R;LOJREFER3
R;LOJRFDIPTO
R;LOJRPSCH
R;LOJTMP
R;LOJVBAL
G;LP-001FIND-SECSAS
G;LP-002XLATETYPADR
I;LPHI5
I;LPHIC
I;LPHIF
I;LPHIO
I;LPHY1
I;LPHYL
I;LPHYS
I;LPI1M
I;LPI2M
I;LPI3M
I;LPIFM
I;LPIIM
I;LPILM
I;LPMM1
I;LPMM5
I;LPMML
I;LPRC4
I;LPRC5
I;LPRCL
I;LPRCM
I;LPRCO
I;LPRD1
I;LPRD4
I;LPRDL
I;LPRDS
I;LPRF5
I;LPRFS
I;LPSI5
I;LPSIC
I;LPSIF
I;LPSIO
I;LPSN1
I;LPSN4
I;LPSN5
I;LPSNL
I;LPSNS
I;LPT1I
I;LPT2I
I;LPT3I
I;LPTFI
I;LPTI5
I;LPTIF
I;LPTII
I;LPTLI
I;LRCE4
I;LRCEL
I;LRCEM
I;LRCEO
I;LRCES
I;LRCLL
I;LRES1
I;LRES4
I;LRESS
R;LSLUTIL
R;LSLUTIL2
R;LSLUTIL3
I;LSUP4
I;LSUPL
I;LSUPS
I;LSUT1
I;LSUTC
I;LTAR1
I;LTAR5
I;LTARO
R;LUARPPM
R;LUCACZ
R;LUCBNRIS
R;LUCLNPSNAD
R;LUCTPRIS
R;LUDLYLGRDO
R;LUGRID1
R;LULDCUSDUB
R;LULDLGRDO
R;LULDRISPRC
R;LULDTARGET
R;LULOADBCOR
R;LULOADFAM
R;LULOADHOL
R;LUMQGRID
R;LUNYCLCTPS
R;LUPDRCEPMM
R;LURISCRE
R;LUUPDACCOF
I;M101C
I;M101F
I;M102C
R;MDPURGEGEX
I;MH101
I;MH102
I;MI101
I;MI102
I;MIC1C
I;MIC1F
I;MIC1I
I;MIC2C
I;MIC2I
I;MICC1
I;MICCC
I;MICCF
I;MICDA
I;MICH1
I;MICHA
I;MICO1
I;MICOD
I;MIDDC
I;MIEXC
I;MII1C
I;MII2C
I;MII3C
I;MII3F
I;MII3I
I;MII4C
I;MII4I
I;MIII1
I;MIIRC
I;MIO1C
I;MIO2C
I;MIO3C
I;MIO3F
I;MIO3I
I;MIO4C
I;MIO4I
I;MIOI1
I;MIORC
I;MIXX1
I;MIXXC
I;MIXXF
R;MLPTACC
R;MLPTCTP
R;MLPTEXC
R;MLPTFAC
R;MLPTGUA
R;MLPTSEC
I;MNDEF
I;MOC1C
I;MOC1F
I;MOC1I
I;MOC2C
I;MOC2I
I;MP101
I;MP102
R;MUMKMT100
R;MUMKMT101
R;MUPMNTACC
R;MUPMNTPRT
R;MUPMNTSIN
R;MWTEST9
I;NPDEF
I;NWSMN
P;PAADVO101
P;PAAFRL101
P;PAAFRO101
P;PAAISO101
P;PAASPSORD
P;PABA1L101
P;PABA1S101
P;PABA1S102
P;PABA1S103
P;PABA1S104
P;PABA1S105
P;PABA1S106
P;PABA1SAMP
P;PABASS101
P;PABASS102
P;PABASS103
P;PABASSAMP
P;PABCLO101
P;PABKTL101
P;PABKTS101
P;PABKTSPAM
P;PABUDSAMP
P;PACVRO101
P;PADEIO101
P;PADEIO102
P;PADETL101
P;PADETS101
P;PADETS102
P;PADETS103
P;PADETSAMP
P;PADLGL101
P;PADLGS101
P;PADLGS102
P;PADLGS103
P;PADLGS104
P;PADSNSAMP
P;PAEVTO101
P;PAEVTO102
P;PAEXRL101
P;PAEXRSAMP
P;PAFOLO101
P;PAGEXSAMP
P;PAHLBO101
P;PAHVBO101
P;PAIBRO101
P;PAINIO101
P;PAINIO102
P;PAINTS101
P;PAINTSAMP
P;PAISTO101
P;PAJSTO101
P;PAJSTO102
P;PAJSTO103
P;PAJSTO104
P;PALGRL101
P;PALGRSAMP
P;PAMDCO101
P;PAMDCO102
P;PAMVTO101
P;PAMVTO102
P;PAMVTO103
P;PAMVTO104
P;PAMVTO105
P;PAMVTO106
P;PAMVTO107
P;PAMVTO108
P;PANEUO101
P;PANEUO102
P;PANTUSAMP
P;PAPPNO101
P;PAPPNO102
P;PARBRL101
P;PARBRO101
P;PARCDO101
P;PAREIO101
P;PAREIO102
P;PARESS101
P;PARESS102
P;PARESSAMP
P;PARETL101
P;PARETO101
P;PAROTO101
P;PARPPO101
I;PASCH
P;PASELO101
P;PASPAL101
P;PASPAS101
P;PASPIO101
P;PASPIO102
P;PASTDO101
P;PASTMO101
P;PASTMSAMP
P;PATADO101
P;PATAHSAMP
P;PATAXO101
P;PATAXO102
P;PATDCSAMP
P;PATMPO101
P;PATRCL101
P;PATRCSAMP
P;PATRDO101
P;PATRDO102
P;PATRTL101
P;PATRTSAMP
P;PATXCO101
P;PBASWO101
P;PBASWO102
P;PBASWO103
P;PBASWO104
P;PBATCH101
P;PBATCH102
P;PBATCH103
P;PBBOKS101
P;PBBOKS102
P;PBBOKSAMP
P;PBDLAO101
P;PBDLAO102
P;PBDLAO103
P;PBDLAO104
P;PBDLAO106
P;PBDLAO107
P;PBDLGO101
P;PBDLGO102
P;PBDLGO103
P;PBDLGO104
P;PBDLGO105
P;PBDLGO106
P;PBDLGO107
P;PBDLGO202
P;PBDLPO101
P;PBDLPO102
P;PBDLPO103
P;PBDLPO104
P;PBDLPO105
P;PBDLPO106
P;PBDLTO101
P;PBDLTO102
P;PBDLTO103
P;PBDLTO104
P;PBICTO101
P;PBICTO104
P;PBISPO101
P;PBISPO102
P;PBISPO103
P;PBISPO104
P;PBISPO105
P;PBISPO106
P;PBISSO101
P;PBISSO103
P;PBISSO104
P;PBITTO101
P;PBITTO102
P;PBITTO103
P;PBPOTO101
P;PBPOTO102
P;PBPRDO101
P;PBREDO101
P;PBREPO101
P;PBREPO102
P;PBREPO103
P;PBREPO104
P;PBRPIO101
P;PBRPIO102
P;PBSPIO101
P;PCBFMO101
P;PCBFMO102
P;PCC3PL101
P;PCC3PO101
P;PCCBRO101
P;PCCBRO102
P;PCCBRO103
P;PCCBRO104
P;PCCBRO105
P;PCCBRO106
P;PCCBRO107
P;PCCBRO108
P;PCCDIL101
P;PCCDIS101
P;PCCDISAMP
P;PCCFPO101
P;PCCGRL101
P;PCCGRSAMP
P;PCCMHL101
P;PCCMHO101
P;PCCMHO102
P;PCCMHO103
P;PCCOCL101
P;PCCOCO101
P;PCCOML101
P;PCCOMSAMP
P;PCCORL101
P;PCCORO101
P;PCCREO101
P;PCCREO102
P;PCCREO104
P;PCCRXO101
P;PCCUSO101
P;PCDFAO101
P;PCDIAO101
P;PCEXPS101
P;PCEXPSAMP
P;PCEXRO101
P;PCEXRO102
P;PCEXSO101
P;PCFACL101
P;PCFACO101
P;PCFACS101
P;PCFACS102
P;PCFACS103
P;PCFACSAMP
P;PCFAIO101
P;PCFAIO102
P;PCFAIO103
P;PCFAIO104
P;PCFATO101
P;PCFATO102
P;PCFCRO101
P;PCFCRO102
P;PCFCRO103
P;PCFCRO104
P;PCFDDL101
P;PCFDDO101
P;PCFDDO102
P;PCFDDO103
P;PCFDDO104
P;PCFFEO101
P;PCFFEO102
P;PCFRSO101
P;PCFRSO102
P;PCFUPO101
P;PCFUSO101
P;PCFXRO101
P;PCFXRO102
P;PCGATO101
P;PCGUAL101
P;PCGUAS101
P;PCGUASAMP
P;PCGUCL101
P;PCGUCO101
P;PCGURL101
P;PCGURO101
P;PCHFCO101
P;PCHFCO102
P;PCHFCO103
P;PCMHIO101
P;PCMHIO102
P;PCMHIO103
P;PCMRGO101
P;PCMTBO101
P;PCMTCO101
P;PCMTCO102
P;PCMTCO103
P;PCMTCO104
P;PCMTCO105
P;PCMTCS101
P;PCMTCSAMP
P;PCMTIO101
P;PCMTIO102
P;PCMTIO103
P;PCMTIO104
P;PCMTIO105
P;PCMTLL101
P;PCMTLO101
P;PCMTLO102
P;PCMTLO103
P;PCMTLO104
P;PCOMSO101
P;PCPBCO101
P;PCPBCO102
P;PCPBCO103
P;PCPBGO101
P;PCPBGO102
P;PCPBPO101
P;PCPBPO102
P;PCPBPO103
P;PCPTIL101
P;PCPTIO101
P;PCPTIO102
P;PCREPO101
P;PCREXO101
P;PCRISO101
P;PCRISO102
P;PCRISO103
P;PCRISO105
P;PCROCO101
P;PCRTRO101
P;PCRTRO102
P;PCRTRO103
P;PCRTRO104
P;PCRTRO105
P;PCRTRO106
P;PCRTRO107
P;PCRTRO108
P;PCRTRO109
P;PCRXMO101
P;PCRXMO102
P;PCSCOO101
P;PCSECL101
P;PCSECS101
P;PCSECSAMP
P;PCSEIO101
P;PCSEIO102
P;PCSEIO103
P;PCSHAL101
P;PCSHAO101
P;PCSHAO102
P;PCSHAO103
P;PCSHCO101
P;PCSHCO102
P;PCSHDSAMP
P;PCSHMO101
P;PCSHMO102
P;PCSHOO101
P;PCSHRO101
P;PCSHTO101
P;PCSHTO102
P;PCSHTO103
P;PCSHTO104
P;PCSIMS101
P;PCSIMS102
P;PCSIMSAMP
P;PCSLFO101
P;PCSLFO102
P;PCSSHO101
P;PDBATO101
P;PDBILO101
P;PDBILO102
P;PDBILO103
P;PDBILO104
P;PDCBDO101
P;PDCBDO102
P;PDCBMO101
P;PDCBMO102
P;PDCBRO101
P;PDCLHO101
P;PDCLHO102
P;PDCLHO103
P;PDCLTO101
P;PDCNDO101
P;PDCNDO102
P;PDCNDO103
P;PDCNDO104
P;PDCNDO105
P;PDCNDO106
P;PDCNDO109
P;PDCNDOAMP
P;PDCNIO101
P;PDCNIO102
P;PDCNIO103
P;PDCNIO104
P;PDCNIO105
P;PDCNIO106
P;PDCNIO107
P;PDCNTL101
P;PDCNTO101
P;PDCONOAMP
P;PDCOVO101
P;PDCPOO101
P;PDCPOO102
P;PDCTIO101
P;PDCTIO102
P;PDCTRO101
P;PDCTRO102
P;PDCTRO103
P;PDCTRO104
P;PDDDCO101
P;PDDDCO102
P;PDDDCO103
P;PDDETO101
P;PDEBFO101
P;PDEBFO102
P;PDEBFO103
P;PDFIDO101
P;PDFIDO102
P;PDFIMO101
P;PDFIMO102
P;PDFIMO103
P;PDFRTO101
P;PDFSCI101
P;PDFSCI102
P;PDFSCI103
P;PDFSCI104
P;PDFSCI105
P;PDFSCL101
P;PDFSCO101
P;PDFSCO102
P;PDFSCO103
P;PDFSCO104
P;PDFSII101
P;PDFSIL101
P;PDFSIO101
P;PDGCAO101
P;PDGCAO102
P;PDIPTL101
P;PDIPTL102
P;PDIPTL103
P;PDIPTL104
P;PDIPTL105
P;PDIPTL106
P;PDIPTL107
P;PDIPTL108
P;PDIPTL109
P;PDIPTO101
P;PDIPTO102
P;PDIPTO103
P;PDIPTO104
P;PDIPTO105
P;PDIPTO106
P;PDIPTO107
P;PDMSTO101
P;PDMSTO102
P;PDMSTO103
P;PDMSTO104
P;PDMSTO105
P;PDPBDO101
P;PDPBDO102
P;PDPBDO103
P;PDPBDO104
P;PDPBDO105
P;PDPBDO106
P;PDPBDO107
P;PDPFBK101
P;PDPFBK102
P;PDPFBK103
P;PDPTRL101
P;PDPTRL102
P;PDPTRL103
P;PDPTRL104
P;PDPTRL105
P;PDPTRL106
P;PDPTRL107
P;PDPTRL108
P;PDPTRL109
P;PDPTRL110
P;PDPTRO101
P;PDPTRO102
P;PDPTRO103
P;PDPTRO104
P;PDPTRO105
P;PDPTRO106
P;PDPTRO107
P;PDRDIO101
P;PDRDIO102
P;PDRDIO103
P;PDRDIO104
P;PDRDIO105
P;PDRPTO101
P;PDRPTO102
P;PDRSDO101
P;PDRSMO101
P;PDRSMO102
P;PDRSMO103
P;PDRSMO104
P;PDRSMO105
P;PDRSMO106
P;PDSLVO101
P;PDSLVO102
P;PDSLVO103
P;PDSLVO104
P;PDSLVO105
P;PDSLVO106
P;PDSLVO107
P;PDSTAO101
P;PDSTAO102
P;PDSTIO101
P;PDSTIO102
P;PDSTIO103
P;PDSTOL101
P;PDSTOO101
P;PDSTOO102
P;PDSTSO101
P;PGBTDSAMP
P;PGBTPSAMP
P;PGBTRO101
P;PGCNVO101
P;PGCNVO102
P;PGMONO101
P;PGMONO102
P;PGMSGSORD
P;PGPAIO101
P;PGPAIO102
P;PGPARO101
P;PGPRTO101
P;PGPRTO102
P;PGRTPO201
P;PGSADO101
P;PGSAMO101
P;PGSAMO102
P;PGSAMO103
P;PGSAMO104
P;PGSAMO105
P;PGSAMO106
P;PGSAMO107
P;PGSAMO108
P;PGSBRO101
P;PGSBSO101
P;PGSEMO101
P;PGSWMO101
P;PGSWMO103
P;PGSWMO104
P;PGSWMO105
P;PGSWMO106
P;PGSWMO107
P;PGXMLO101
P;PIACCO101
P;PIACCO102
P;PIACCO103
P;PIAUTO102
P;PIBATO101
P;PIBATO102
P;PIBATO103
P;PIBATO104
P;PIBATO105
P;PIBBDO101
P;PIBBDO102
P;PIBDDO101
P;PIBDHO101
P;PICBRO101
P;PICNDO101
P;PICNFO101
P;PICNFO102
P;PICNFO103
P;PICNFO104
P;PICNFO105
P;PICNFO106
P;PICNFO107
P;PICNFO108
P;PICNFO109
P;PICNFO110
P;PICNFO111
P;PICNFS101
P;PICNFSAMP
P;PICOPO101
P;PICOPO102
P;PICOPO103
P;PICVBSAMP
P;PIDPLO101
P;PIERBS101
P;PIERMO101
P;PIFASO101
P;PIFCPO101
P;PIFCPO102
P;PIFCPO103
P;PIFCPO104
P;PIFCSL101
P;PIFCSL102
P;PIFCSO101
P;PIFCSO102
P;PIFCSO103
P;PIFFAO101
P;PIFFCO101
P;PIFFCO102
P;PIFFDL102
P;PIFFDO101
P;PIFFDO102
P;PIFFDO103
P;PIFFOO101
P;PIFFOO102
P;PIFFTO101
P;PIFFVO101
P;PIFPSO101
P;PIFPSO102
P;PIFRAL101
P;PIFRAL102
P;PIFRAO101
P;PIFRAO102
P;PIFRAO103
P;PIFRAO104
P;PIFRAO105
P;PIFRAO106
P;PIFRAO107
P;PIFRCL101
P;PIFRCL102
P;PIFRCO101
P;PIFRCO102
P;PIFRCO103
P;PIFRPL101
P;PIFRPL102
P;PIFRPO101
P;PIFRPO102
P;PIFRPO103
P;PIFRPO104
P;PIFRPO105
P;PIFTCO101
P;PIFTCO103
P;PIFTSO102
P;PIFUPSAMP
P;PIFXAO101
P;PIFXCL101
P;PIFXCL102
P;PIFXCO101
P;PIFXCO102
P;PIFXCO103
P;PIFXCO104
P;PIFXCO106
P;PIFXCO107
P;PIFXCO109
P;PIFXPL101
P;PIFXPL102
P;PIFXPO101
P;PIFXPO102
P;PIFXPO103
P;PIFXPO104
P;PIFXPO105
P;PIGIRO101
P;PIGIRO102
P;PIGIRO103
P;PIGIRO105
P;PIGIRO106
P;PIGIRO107
P;PIGLDO101
P;PIGLDO102
P;PIGLDO103
P;PIGLDO105
P;PIGLDO106
P;PIGLDO108
P;PIGLDO109
P;PIHMCS101
P;PIHMCSAMP
P;PIICSO101
P;PIIFFO101
P;PIIFFO102
P;PIIFFO103
P;PIIFRO101
P;PIIFRO102
P;PIIFRO103
P;PIIFRO104
P;PIIFRO105
P;PIIFXO101
P;PIIFXO102
P;PIIFXO104
P;PIIFXO105
P;PIIFXO106
P;PIILDO101
P;PIILDO102
P;PIILDO103
P;PIILDO104
P;PIILDO105
P;PIINIO101
P;PIINIO102
P;PIINTO101
P;PIINTO102
P;PIINTO103
P;PIINTO104
P;PIIOPO101
P;PIIOPO102
P;PIIPIO101
P;PIIPIO102
P;PIIPIO103
P;PIIPIO104
P;PIIRSO101
P;PIIRSO102
P;PIIRSO103
P;PILDAO101
P;PILDCL101
P;PILDCL102
P;PILDCO101
P;PILDCO102
P;PILDCO103
P;PILDPL101
P;PILDPL102
P;PILDPO101
P;PILDPO102
P;PILDPO103
P;PILDPO104
P;PILDPO105
P;PILDTL101
P;PILDTL102
P;PILNGSAMP
P;PILPAO101
P;PIMAGO101
P;PINETO101
P;PINOSO101
P;PINOSO102
P;PINVMO101
P;PINVMO102
P;PINVMO103
P;PIOASO101
P;PIODUSAMP
P;PIOPCL101
P;PIOPCL102
P;PIOPCO101
P;PIOPCO102
P;PIOPCO103
P;PIOPPL101
P;PIOPPL102
P;PIOPPO101
P;PIOPPO102
P;PIOPPO103
P;PIOPPO104
P;PIOPPO105
P;PIOPTL101
P;PIOPTL102
P;PIOPTS101
P;PIOPTS102
P;PIOPTS103
P;PIOPTS104
P;PIOPTS105
P;PIOPTS106
P;PIOPTSAMP
P;PIPIBO101
P;PIPIIO101
P;PIPIIO102
P;PIPMTO101
P;PIPMTO102
P;PIPTIL101
P;PIPTIO101
P;PIPTIO102
P;PIPWDO101
P;PIPWDO102
P;PIRCVO101
P;PIRCVO102
P;PIRFRO102
P;PIRSAO101
P;PIRSCL101
P;PIRSCL102
P;PIRSCO101
P;PIRSCO102
P;PIRSCO103
P;PIRSPL101
P;PIRSPL102
P;PIRSPO101
P;PIRSPO102
P;PIRSPO103
P;PIRSPO104
P;PIRSPO105
P;PIRSWL101
P;PIRSWL102
P;PISAVO001
P;PISIFO101
P;PISIML101
P;PISIMO101
P;PISIMO102
P;PISIMO103
P;PISPIL101
P;PISPIO101
P;PISPIO102
P;PISTLO101
P;PISTLO102
P;PISTLO103
P;PISTLO105
P;PISTLO106
P;PISTLO107
P;PISTMO102
P;PISWCO101
P;PITCFO101
P;PITECO101
P;PITIRO101
P;PITITO101
P;PITLDO101
P;PITOLO101
P;PITXTO101
P;PIWARO101
P;PIWODO101
P;PIWSSO101
P;PIWSSO102
P;PIWSSO103
P;PIWSSO104
P;PIWSSO105
P;PIWSSO106
P;PLBGRS001
P;PLBGRS100
P;PLBIRO101
P;PLBIRO102
P;PLBRAS101
P;PLBRAS102
P;PLBRASPAM
P;PLBRCS101
P;PLBROS101
P;PLBROSAMP
P;PLBSKS101
P;PLCBNL101
P;PLCBNL102
P;PLCBNS100
P;PLCBNS101
P;PLCBNS102
P;PLCBNS103
P;PLCBNS104
P;PLCBNS105
P;PLCCCS101
P;PLCCCS102
P;PLCCYS101
P;PLCCYS102
P;PLCCYS103
P;PLCCYS104
P;PLCCYSAMP
P;PLCGRSAMP
P;PLCIYS101
P;PLCIYSAMP
P;PLCLISAMP
P;PLCORO001
P;PLCORO002
P;PLCPSSAMP
P;PLCRYS101
P;PLCRYS102
P;PLCRYSAMP
P;PLCSTS101
P;PLCSTS102
P;PLCTIO101
P;PLCTIO102
P;PLCTIO103
P;PLCTIO104
P;PLCTIO105
P;PLCTIO106
P;PLCTIO107
P;PLCTPL101
P;PLCTPS101
P;PLCTPS102
P;PLCTPS103
P;PLCTPSPAM
P;PLCTSO100
P;PLCTSO101
P;PLCTSO102
P;PLCTSO103
P;PLCTSO104
P;PLCTSO105
P;PLCTSO106
P;PLEBAO101
P;PLEBAO102
P;PLELCS101
P;PLELCSPAM
P;PLELIO101
P;PLELIO102
P;PLGRDL101
P;PLGRDO101
P;PLGXFL101
P;PLGXFO101
P;PLGXFO102
P;PLHOLO101
P;PLHOLO102
P;PLPHIO101
P;PLPHIO102
P;PLPHYS101
P;PLPHYSPAM
P;PLPRCO101
P;PLPRCO102
P;PLPRDS101
P;PLPRDS102
P;PLPRDSAMP
P;PLPRFSAMP
P;PLPSIO101
P;PLPSIO102
P;PLPSNL101
P;PLPSNS101
P;PLPSNSPAM
P;PLRCEO101
P;PLRCEO102
P;PLRCESAMP
P;PLRESSAMP
P;PLSUPS101
P;PLSUPSPAM
P;PLTARO101
P;PPRSIO101
P;PPRSIO102
P;PPRSNLORD
P;PR-ACLOG1
P;PRCHDSAMP
P;PRCHQS101
P;PRCHQS103
P;PRCHQSAMP
P;PRCHRO101
P;PRCHRO102
I;PRDEF
P;PR-DEFIN1
I;PRNTR
P;PR-PRNTR1
P;PR-PRNTR2
P;PR-PRSNL1
P;PR-PRSNL2
P;PR-PRSNL3
P;PR-REFFL1
P;PR-REFFL2
P;PR-REFFL3
P;PR-RPSCH1
P;PR-RPSCH2
P;PR-RPSCH4
P;PR-RPSCH5
P;PR-RPSCH6
P;PR-RPSCH7
P;PR-RPSCH8
P;PR-SECUR1
P;PR-SECUR2
I;PRSI5
I;PRSIC
I;PRSIF
I;PRSIO
I;PRSNL
P;PRSTRT101
P;PSECIO101
P;PSECIO102
P;PSECIO103
P;PTSHNO101
P;PXFXASAMP
P;PXFXCO101
P;PXFXTO101
P;PXGBAO101
P;PXGBUO101
P;PXGDCS101
P;PXGDCS102
P;PXGDCS103
P;PXGDCS104
P;PXGDCSAMP
P;PXGMVO101
P;PXGMVO102
P;PXGMVO103
P;PXGMVO104
P;PXGMVO105
P;PXGPAO101
P;PXGPAO102
P;PXGPAO103
P;PXGPMO101
P;PXGPMO103
P;PXHVBO101
I;RCHD5
I;RCHDS
I;RCHQ4
I;RCHQ5
I;RCHQC
I;RCHQS
I;RCHR1
I;RCHR5
I;RCHRO
I;RCHSC
I;RCOC4
I;RCOC5
I;RCOCC
I;RCOCS
I;RCOD5
I;RCODS
I;RCON6
I;RCPV6
I;RCRY5
I;RCUV6
I;RCYV6
I;RDLR5
I;REFER
I;REFFL
I;RFMNU
I;RFSEC
R;RLCHQCLRBA
R;RLCHQCLRSE
R;RLCHQCOL
R;RLFACDRAW
R;RMCREFOL
R;RMDPBDOCOR
I;RMENU
R;RMGCNVODRF
R;RMGCNVOSEP
R;RMGPARO
R;RMTRANUPD
R;RMUPDFIDO
I;RPDEF
I;RPDES
I;RPRP5
I;RPSCH
I;RPSEC
I;RPSI5
I;RPSIF
I;RPSIM
I;RPSTA
I;RPSTD
R;RPTEST
I;RRSC5
I;RRSC6
I;RSTRT
R;RUCHQCLRMV
R;RUCHQCLRSC
R;RUCHQPUR
R;RUCHQVALSC
R;RUCOLCOV
I;SBDEF
I;SCDEF
I;SCSEC
I;SCSI5
I;SCSIF
I;SCSIM
I;SECIO
I;SECRL
I;SECUR
G;STARTUP
I;SYSOP
R;TJAENCRYPT
R;TLDLDWH
R;TLDLGRDRCN
R;TLDLLRIS2
R;TLDLVORTE2
R;TLDLVORTE3
R;TLDLVORTEX
I;TMENU
R;TOADETFAC
R;TOBACCO
R;TOBARACCO1
R;TOBARACCO2
R;TOBARACCO3
R;TOCMIACCO
R;TOCMIACCO2
R;TOCONDIS
R;TODACCO
R;TOGSEMO
R;TOMCUST
R;TOSYNSUB
I;TSHNM
I;TSHNO
R;TUCHGSWFAD
R;UNLCKPRSNL
R;UNLOCKBAT
R;UPDDCNDO
R;UPDGPARO
R;WPABKTSGVC
R;WPDELCTP
R;WPDELSECUR
R;WPDLLADETS
R;WPDLLCUST
R;WPIPMM
R;WPIRCE
R;WPIRCE2
R;WPLOGDEL
R;WPUPDADETS
R;WPUPDASPAS
R;WPUPDBAL
I;XBESY
I;XFXA5
I;XFXAS
I;XFXCM
I;XFXCO
I;XFXTO
I;XGAC4
I;XGACM
I;XGACS
I;XGBA1
I;XGBA4
I;XGBA5
I;XGBA6
I;XGBA7
I;XGBA8
I;XGBAO
I;XGBRM
I;XGBU4
I;XGBUL
I;XGBUM
I;XGBUO
I;XGCAS
I;XGDC1
I;XGDC4
I;XGDCL
I;XGDCS
I;XGDSM
I;XGEF4
I;XGEFM
I;XGEFS
I;XGMC4
I;XGMCM
I;XGMCS
I;XGMVL
I;XGMVO
I;XGPA4
I;XGPAB
I;XGPAC
I;XGPAL
I;XGPAM
I;XGPAO
I;XGPAS
I;XGPM4
I;XGPML
I;XGPMM
I;XGPMO
I;XGSAM
I;XGSAS
I;XHVB4
I;XHVBM
I;XHVBO
R;XLACCRLIST
R;XLBALANCE
R;XLBALOPITM
R;XLBUDLIST
R;XLCREBIG
R;XLCREBIGMU
R;XLDLLCHQ
R;XLDLLGEX
R;XLDLLGXDAT
R;XLEXPFLIST
R;XLFXDEPPRO
R;XLGEXAUT
R;XLGEXINT
R;XLINVCLIST
R;XLMISCEOD
R;XLMISCLIST
R;XLPAYMDUE
R;XLPAYMFLG
R;XLPAYMLIST
R;XLPMMBAL
R;XLPMMLIST
R;XLPREPLIST
R;XLREFMISS
R;XLRUBLIST
R;XLSALREOD
R;XLSALRLIST
R;XLSUMRCE
R;XLSUMRCERB
R;XLSUMROOT
R;XLSUMROT2
R;XLSUMRUB
R;XLSUMRUBRC
R;XLSUPBAL
R;XLSUPLIST
R;XLTOTRBRC2
R;XLTOTRCE
R;XLTOTRCERB
R;XLTOTRUB
R;XLTOTRUB2
R;XLTOTRUBRC
R;XLTOTSUP
R;XLTOTVAT
G;XP-001SUPPMMBAL
R;XUCREPAYM
R;XUFXCABS
R;XUFXCREDS
R;XUGEXBAL
R;XUGEXRUB
R;XUGEXUPD
R;XULOADCHQL
R;XULOADMISC
I;ZBKT5
